Abundance,Reference,Sampling_effort,species,bio1,bio2,bio3,bio4,bio5,bio6,bio7,bio8,bio9,bio10,bio11,bio12,bio13,bio14,bio15,bio16,bio17,bio18,bio19
4,Cameron et al. 2011,30,Bombus bifarius,62,152,38,8430,277,-119,396,147,-41,175,-41,507,91,10,65,255,40,222,40
0,Cameron et al. 2011,30,Bombus impatiens,62,152,38,8430,277,-119,396,147,-41,175,-41,507,91,10,65,255,40,222,40
0,Cameron et al. 2011,30,Bombus bifarius,161,132,34,8545,346,-32,378,208,47,268,47,896,139,32,39,328,117,239,117
0,Cameron et al. 2011,30,Bombus impatiens,161,132,34,8545,346,-32,378,208,47,268,47,896,139,32,39,328,117,239,117
0,Cameron et al. 2011,30,Bombus bifarius,118,121,29,9879,316,-89,405,219,-18,239,-18,1004,118,35,33,334,130,315,130
8,Cameron et al. 2011,30,Bombus impatiens,118,121,29,9879,316,-89,405,219,-18,239,-18,1004,118,35,33,334,130,315,130
0,Cameron et al. 2011,30,Bombus bifarius,107,124,29,10186,311,-105,416,221,-34,231,-34,934,116,27,39,332,107,318,107
6,Cameron et al. 2011,30,Bombus impatiens,107,124,29,10186,311,-105,416,221,-34,231,-34,934,116,27,39,332,107,318,107
0,Cameron et al. 2011,30,Bombus bifarius,118,120,30,9683,312,-80,392,175,-14,236,-14,958,102,48,22,300,168,282,168
5,Cameron et al. 2011,30,Bombus impatiens,118,120,30,9683,312,-80,392,175,-14,236,-14,958,102,48,22,300,168,282,168
0,Cameron et al. 2011,30,Bombus bifarius,118,120,30,9688,312,-80,392,217,-14,236,-14,961,102,48,22,302,168,284,168
12,Cameron et al. 2011,30,Bombus impatiens,118,120,30,9688,312,-80,392,217,-14,236,-14,961,102,48,22,302,168,284,168
0,Cameron et al. 2011,30,Bombus bifarius,109,113,29,9805,299,-86,385,210,-24,229,-24,970,112,48,24,313,165,303,165
15,Cameron et al. 2011,30,Bombus impatiens,109,113,29,9805,299,-86,385,210,-24,229,-24,970,112,48,24,313,165,303,165
0,Cameron et al. 2011,40,Bombus bifarius,75,115,26,11199,285,-151,436,211,-79,211,-79,849,118,21,49,336,73,336,73
10,Cameron et al. 2011,40,Bombus impatiens,75,115,26,11199,285,-151,436,211,-79,211,-79,849,118,21,49,336,73,336,73
0,Cameron et al. 2011,45,Bombus bifarius,97,117,27,10543,301,-118,419,206,-47,226,-47,904,110,28,41,322,93,317,93
24,Cameron et al. 2011,45,Bombus impatiens,97,117,27,10543,301,-118,419,206,-47,226,-47,904,110,28,41,322,93,317,93
0,Cameron et al. 2011,45,Bombus bifarius,76,122,28,10797,286,-149,435,207,-73,207,-73,867,112,24,44,330,88,330,88
0,Cameron et al. 2011,45,Bombus impatiens,76,122,28,10797,286,-149,435,207,-73,207,-73,867,112,24,44,330,88,330,88
0,Cameron et al. 2011,45,Bombus bifarius,124,136,38,8055,297,-59,356,205,184,224,16,1243,130,78,13,355,271,335,294
2,Cameron et al. 2011,45,Bombus impatiens,124,136,38,8055,297,-59,356,205,184,224,16,1243,130,78,13,355,271,335,294
0,Cameron et al. 2011,60,Bombus bifarius,72,137,34,9074,286,-114,400,115,-42,192,-42,581,99,17,56,270,61,207,61
0,Cameron et al. 2011,60,Bombus impatiens,72,137,34,9074,286,-114,400,115,-42,192,-42,581,99,17,56,270,61,207,61
40,Cameron et al. 2011,60,Bombus bifarius,68,156,38,8630,287,-119,406,155,-38,183,-38,476,87,9,68,244,35,212,35
0,Cameron et al. 2011,60,Bombus impatiens,68,156,38,8630,287,-119,406,155,-38,183,-38,476,87,9,68,244,35,212,35
9,Cameron et al. 2011,60,Bombus bifarius,47,131,27,11878,284,-191,475,169,-114,194,-114,413,83,9,67,199,31,192,31
0,Cameron et al. 2011,60,Bombus impatiens,47,131,27,11878,284,-191,475,169,-114,194,-114,413,83,9,67,199,31,192,31
2,Cameron et al. 2011,60,Bombus bifarius,48,131,27,12096,287,-190,477,172,-116,197,-116,440,85,11,63,205,38,199,38
0,Cameron et al. 2011,60,Bombus impatiens,48,131,27,12096,287,-190,477,172,-116,197,-116,440,85,11,63,205,38,199,38
1,Cameron et al. 2011,60,Bombus bifarius,56,140,28,11939,298,-188,486,179,-105,204,-105,424,83,8,65,202,26,189,26
0,Cameron et al. 2011,60,Bombus impatiens,56,140,28,11939,298,-188,486,179,-105,204,-105,424,83,8,65,202,26,189,26
0,Cameron et al. 2011,60,Bombus bifarius,125,148,34,9955,344,-91,435,226,-6,252,-6,602,95,12,54,263,46,250,46
0,Cameron et al. 2011,60,Bombus impatiens,125,148,34,9955,344,-91,435,226,-6,252,-6,602,95,12,54,263,46,250,46
0,Cameron et al. 2011,60,Bombus bifarius,160,135,34,8730,351,-35,386,207,45,271,45,755,127,27,44,281,94,211,94
0,Cameron et al. 2011,60,Bombus impatiens,160,135,34,8730,351,-35,386,207,45,271,45,755,127,27,44,281,94,211,94
0,Cameron et al. 2011,60,Bombus bifarius,196,124,38,6904,351,31,320,234,119,280,103,833,113,41,32,279,156,188,161
0,Cameron et al. 2011,60,Bombus impatiens,196,124,38,6904,351,31,320,234,119,280,103,833,113,41,32,279,156,188,161
0,Cameron et al. 2011,60,Bombus bifarius,127,131,31,9872,334,-81,415,227,-4,252,-4,816,117,24,42,314,88,280,88
0,Cameron et al. 2011,60,Bombus impatiens,127,131,31,9872,334,-81,415,227,-4,252,-4,816,117,24,42,314,88,280,88
0,Cameron et al. 2011,60,Bombus bifarius,200,125,38,6885,357,33,324,238,122,284,106,850,114,43,32,279,164,185,168
0,Cameron et al. 2011,60,Bombus impatiens,200,125,38,6885,357,33,324,238,122,284,106,850,114,43,32,279,164,185,168
0,Cameron et al. 2011,60,Bombus bifarius,168,127,35,8141,344,-15,359,212,59,270,59,1035,137,48,30,350,170,240,170
0,Cameron et al. 2011,60,Bombus impatiens,168,127,35,8141,344,-15,359,212,59,270,59,1035,137,48,30,350,170,240,170
0,Cameron et al. 2011,60,Bombus bifarius,124,122,30,9794,320,-81,401,224,-7,246,-7,923,139,25,47,359,86,338,86
0,Cameron et al. 2011,60,Bombus impatiens,124,122,30,9794,320,-81,401,224,-7,246,-7,923,139,25,47,359,86,338,86
0,Cameron et al. 2011,60,Bombus bifarius,208,88,34,6031,326,68,258,277,167,280,125,1201,180,59,30,413,207,357,260
0,Cameron et al. 2011,60,Bombus impatiens,208,88,34,6031,326,68,258,277,167,280,125,1201,180,59,30,413,207,357,260
0,Cameron et al. 2011,60,Bombus bifarius,68,118,26,11579,285,-168,453,209,-91,209,-91,739,109,19,51,311,63,311,63
1,Cameron et al. 2011,60,Bombus impatiens,68,118,26,11579,285,-168,453,209,-91,209,-91,739,109,19,51,311,63,311,63
0,Cameron et al. 2011,60,Bombus bifarius,137,121,34,8050,312,-41,353,134,31,239,31,1218,148,61,22,377,219,295,219
65,Cameron et al. 2011,60,Bombus impatiens,137,121,34,8050,312,-41,353,134,31,239,31,1218,148,61,22,377,219,295,219
0,Cameron et al. 2011,60,Bombus bifarius,128,126,33,8768,312,-67,379,176,10,237,10,1110,124,46,25,350,177,301,177
0,Cameron et al. 2011,60,Bombus impatiens,128,126,33,8768,312,-67,379,176,10,237,10,1110,124,46,25,350,177,301,177
0,Cameron et al. 2011,60,Bombus bifarius,182,122,38,7241,339,21,318,222,237,273,88,1187,126,68,15,341,236,263,315
0,Cameron et al. 2011,60,Bombus impatiens,182,122,38,7241,339,21,318,222,237,273,88,1187,126,68,15,341,236,263,315
0,Cameron et al. 2011,60,Bombus bifarius,129,126,33,8797,313,-66,379,177,10,238,10,1098,121,46,25,345,177,298,177
1,Cameron et al. 2011,60,Bombus impatiens,129,126,33,8797,313,-66,379,177,10,238,10,1098,121,46,25,345,177,298,177
0,Cameron et al. 2011,60,Bombus bifarius,119,121,30,9628,314,-83,397,216,-12,238,-12,983,119,39,28,324,145,292,145
1,Cameron et al. 2011,60,Bombus impatiens,119,121,30,9628,314,-83,397,216,-12,238,-12,983,119,39,28,324,145,292,145
0,Cameron et al. 2011,60,Bombus bifarius,30,117,25,11601,250,-210,460,171,-129,171,-129,712,101,19,48,287,75,287,75
0,Cameron et al. 2011,60,Bombus impatiens,30,117,25,11601,250,-210,460,171,-129,171,-129,712,101,19,48,287,75,287,75
0,Cameron et al. 2011,60,Bombus bifarius,73,118,26,11182,287,-157,444,196,-81,209,-81,821,105,22,46,313,77,312,77
21,Cameron et al. 2011,60,Bombus impatiens,73,118,26,11182,287,-157,444,196,-81,209,-81,821,105,22,46,313,77,312,77
0,Cameron et al. 2011,60,Bombus bifarius,66,124,27,11080,284,-163,447,188,-87,201,-87,826,107,23,45,317,80,309,80
27,Cameron et al. 2011,60,Bombus impatiens,66,124,27,11080,284,-163,447,188,-87,201,-87,826,107,23,45,317,80,309,80
0,Cameron et al. 2011,60,Bombus bifarius,110,119,29,10078,309,-97,406,214,-28,233,-28,943,103,39,26,300,145,287,145
4,Cameron et al. 2011,60,Bombus impatiens,110,119,29,10078,309,-97,406,214,-28,233,-28,943,103,39,26,300,145,287,145
0,Cameron et al. 2011,60,Bombus bifarius,109,117,29,10111,306,-97,403,213,-30,232,-30,936,101,40,26,297,146,285,146
6,Cameron et al. 2011,60,Bombus impatiens,109,117,29,10111,306,-97,403,213,-30,232,-30,936,101,40,26,297,146,285,146
0,Cameron et al. 2011,60,Bombus bifarius,109,117,29,10111,306,-97,403,213,-30,232,-30,936,101,40,26,297,146,285,146
1,Cameron et al. 2011,60,Bombus impatiens,109,117,29,10111,306,-97,403,213,-30,232,-30,936,101,40,26,297,146,285,146
0,Cameron et al. 2011,60,Bombus bifarius,109,117,29,10111,306,-97,403,213,-30,232,-30,936,101,40,26,297,146,285,146
26,Cameron et al. 2011,60,Bombus impatiens,109,117,29,10111,306,-97,403,213,-30,232,-30,936,101,40,26,297,146,285,146
0,Cameron et al. 2011,60,Bombus bifarius,69,123,28,10764,280,-155,435,188,-79,201,-79,815,103,25,42,302,86,297,86
4,Cameron et al. 2011,60,Bombus impatiens,69,123,28,10764,280,-155,435,188,-79,201,-79,815,103,25,42,302,86,297,86
0,Cameron et al. 2011,60,Bombus bifarius,69,123,28,10764,280,-155,435,188,-79,201,-79,815,103,25,42,302,86,297,86
35,Cameron et al. 2011,60,Bombus impatiens,69,123,28,10764,280,-155,435,188,-79,201,-79,815,103,25,42,302,86,297,86
0,Cameron et al. 2011,60,Bombus bifarius,77,116,27,10551,283,-137,420,206,-68,206,-68,814,100,27,39,296,95,296,95
17,Cameron et al. 2011,60,Bombus impatiens,77,116,27,10551,283,-137,420,206,-68,206,-68,814,100,27,39,296,95,296,95
0,Cameron et al. 2011,60,Bombus bifarius,131,124,32,9060,318,-62,380,131,8,243,8,1126,117,66,17,337,237,293,237
51,Cameron et al. 2011,60,Bombus impatiens,131,124,32,9060,318,-62,380,131,8,243,8,1126,117,66,17,337,237,293,237
0,Cameron et al. 2011,60,Bombus bifarius,87,115,28,10347,286,-123,409,213,-55,213,-55,910,112,31,35,315,117,315,117
4,Cameron et al. 2011,60,Bombus impatiens,87,115,28,10347,286,-123,409,213,-55,213,-55,910,112,31,35,315,117,315,117
0,Cameron et al. 2011,60,Bombus bifarius,196,107,38,6172,326,50,276,267,157,271,114,1608,167,79,18,483,320,462,420
2,Cameron et al. 2011,60,Bombus impatiens,196,107,38,6172,326,50,276,267,157,271,114,1608,167,79,18,483,320,462,420
0,Cameron et al. 2011,60,Bombus bifarius,111,119,30,9824,304,-89,393,212,-23,231,-23,986,108,47,23,309,168,300,168
0,Cameron et al. 2011,60,Bombus impatiens,111,119,30,9824,304,-89,393,212,-23,231,-23,986,108,47,23,309,168,300,168
0,Cameron et al. 2011,60,Bombus bifarius,111,119,30,9824,304,-89,393,212,-23,231,-23,986,108,47,23,309,168,300,168
2,Cameron et al. 2011,60,Bombus impatiens,111,119,30,9824,304,-89,393,212,-23,231,-23,986,108,47,23,309,168,300,168
0,Cameron et al. 2011,60,Bombus bifarius,110,119,30,9856,303,-90,393,211,-24,230,-24,984,109,47,24,309,168,300,168
0,Cameron et al. 2011,60,Bombus impatiens,110,119,30,9856,303,-90,393,211,-24,230,-24,984,109,47,24,309,168,300,168
0,Cameron et al. 2011,60,Bombus bifarius,110,119,30,9856,303,-90,393,211,-24,230,-24,984,109,47,24,309,168,300,168
2,Cameron et al. 2011,60,Bombus impatiens,110,119,30,9856,303,-90,393,211,-24,230,-24,984,109,47,24,309,168,300,168
0,Cameron et al. 2011,60,Bombus bifarius,135,121,33,8736,314,-52,366,135,198,243,16,1214,125,75,15,367,248,296,285
17,Cameron et al. 2011,60,Bombus impatiens,135,121,33,8736,314,-52,366,135,198,243,16,1214,125,75,15,367,248,296,285
0,Cameron et al. 2011,60,Bombus bifarius,170,131,40,7144,327,2,325,91,223,259,75,1460,164,77,19,449,272,344,424
4,Cameron et al. 2011,60,Bombus impatiens,170,131,40,7144,327,2,325,91,223,259,75,1460,164,77,19,449,272,344,424
0,Cameron et al. 2011,60,Bombus bifarius,104,111,29,9403,291,-82,373,200,-22,220,-22,958,101,55,20,300,183,285,183
20,Cameron et al. 2011,60,Bombus impatiens,104,111,29,9403,291,-82,373,200,-22,220,-22,958,101,55,20,300,183,285,183
0,Cameron et al. 2011,60,Bombus bifarius,133,133,38,7775,305,-41,346,212,47,231,30,1173,120,84,11,325,255,321,259
39,Cameron et al. 2011,60,Bombus impatiens,133,133,38,7775,305,-41,346,212,47,231,30,1173,120,84,11,325,255,321,259
0,Cameron et al. 2011,60,Bombus bifarius,75,106,28,8937,257,-109,366,36,187,187,-45,1220,138,78,17,373,242,242,324
0,Cameron et al. 2011,60,Bombus impatiens,75,106,28,8937,257,-109,366,36,187,187,-45,1220,138,78,17,373,242,242,324
0,Cameron et al. 2011,60,Bombus bifarius,71,109,28,9181,258,-118,376,29,186,186,-52,1191,134,79,15,361,245,245,310
0,Cameron et al. 2011,60,Bombus impatiens,71,109,28,9181,258,-118,376,29,186,186,-52,1191,134,79,15,361,245,245,310
0,Cameron et al. 2011,60,Bombus bifarius,71,108,28,9171,258,-118,376,30,186,186,-52,1201,136,78,16,365,244,244,317
0,Cameron et al. 2011,60,Bombus impatiens,71,108,28,9171,258,-118,376,30,186,186,-52,1201,136,78,16,365,244,244,317
0,Cameron et al. 2011,60,Bombus bifarius,75,105,29,8822,255,-107,362,-13,185,185,-44,1246,142,76,18,386,238,238,341
0,Cameron et al. 2011,60,Bombus impatiens,75,105,29,8822,255,-107,362,-13,185,185,-44,1246,142,76,18,386,238,238,341
0,Cameron et al. 2011,60,Bombus bifarius,64,113,29,9348,256,-130,386,23,181,181,-61,1176,132,80,15,354,247,247,310
0,Cameron et al. 2011,60,Bombus impatiens,64,113,29,9348,256,-130,386,23,181,181,-61,1176,132,80,15,354,247,247,310
0,Cameron et al. 2011,76,Bombus bifarius,83,110,27,10112,282,-121,403,207,-55,207,-55,889,104,31,32,305,123,305,123
8,Cameron et al. 2011,76,Bombus impatiens,83,110,27,10112,282,-121,403,207,-55,207,-55,889,104,31,32,305,123,305,123
0,Cameron et al. 2011,80,Bombus bifarius,77,116,27,10551,283,-137,420,206,-68,206,-68,814,100,27,39,296,95,296,95
57,Cameron et al. 2011,80,Bombus impatiens,77,116,27,10551,283,-137,420,206,-68,206,-68,814,100,27,39,296,95,296,95
0,Cameron et al. 2011,90,Bombus bifarius,173,138,38,7729,344,-14,358,217,68,269,68,729,100,32,36,256,112,195,112
0,Cameron et al. 2011,90,Bombus impatiens,173,138,38,7729,344,-14,358,217,68,269,68,729,100,32,36,256,112,195,112
0,Cameron et al. 2011,90,Bombus bifarius,89,144,33,10296,305,-131,436,196,-48,219,-48,612,96,12,55,265,45,256,45
1,Cameron et al. 2011,90,Bombus impatiens,89,144,33,10296,305,-131,436,196,-48,219,-48,612,96,12,55,265,45,256,45
0,Cameron et al. 2011,90,Bombus bifarius,93,139,31,10513,305,-135,440,202,-48,225,-48,636,102,10,58,285,43,256,43
1,Cameron et al. 2011,90,Bombus impatiens,93,139,31,10513,305,-135,440,202,-48,225,-48,636,102,10,58,285,43,256,43
0,Cameron et al. 2011,90,Bombus bifarius,199,125,38,6837,356,33,323,237,122,283,106,858,115,44,32,281,165,187,168
0,Cameron et al. 2011,90,Bombus impatiens,199,125,38,6837,356,33,323,237,122,283,106,858,115,44,32,281,165,187,168
0,Cameron et al. 2011,90,Bombus bifarius,160,129,34,8545,342,-31,373,206,46,266,46,892,141,31,40,331,115,240,115
0,Cameron et al. 2011,90,Bombus impatiens,160,129,34,8545,342,-31,373,206,46,266,46,892,141,31,40,331,115,240,115
0,Cameron et al. 2011,90,Bombus bifarius,104,126,29,10609,314,-114,428,214,-39,237,-39,736,106,14,53,294,54,281,54
7,Cameron et al. 2011,90,Bombus impatiens,104,126,29,10609,314,-114,428,214,-39,237,-39,736,106,14,53,294,54,281,54
0,Cameron et al. 2011,90,Bombus bifarius,121,127,30,9897,323,-91,414,221,-13,244,-13,864,131,20,48,338,73,310,73
0,Cameron et al. 2011,90,Bombus impatiens,121,127,30,9897,323,-91,414,221,-13,244,-13,864,131,20,48,338,73,310,73
0,Cameron et al. 2011,90,Bombus bifarius,125,124,30,9829,323,-84,407,224,-9,247,-9,925,138,25,45,347,85,323,85
2,Cameron et al. 2011,90,Bombus impatiens,125,124,30,9829,323,-84,407,224,-9,247,-9,925,138,25,45,347,85,323,85
0,Cameron et al. 2011,90,Bombus bifarius,88,119,27,10862,296,-132,428,201,-61,221,-61,767,112,18,52,306,64,296,64
35,Cameron et al. 2011,90,Bombus impatiens,88,119,27,10862,296,-132,428,201,-61,221,-61,767,112,18,52,306,64,296,64
0,Cameron et al. 2011,90,Bombus bifarius,126,119,30,9630,320,-76,396,224,-3,246,-3,966,144,29,44,363,94,342,94
1,Cameron et al. 2011,90,Bombus impatiens,126,119,30,9630,320,-76,396,224,-3,246,-3,966,144,29,44,363,94,342,94
0,Cameron et al. 2011,90,Bombus bifarius,208,88,34,6031,326,68,258,277,167,280,125,1201,180,59,30,413,207,357,260
0,Cameron et al. 2011,90,Bombus impatiens,208,88,34,6031,326,68,258,277,167,280,125,1201,180,59,30,413,207,357,260
0,Cameron et al. 2011,90,Bombus bifarius,187,132,41,6608,340,25,315,225,148,268,98,1291,142,82,16,368,287,305,328
12,Cameron et al. 2011,90,Bombus impatiens,187,132,41,6608,340,25,315,225,148,268,98,1291,142,82,16,368,287,305,328
0,Cameron et al. 2011,90,Bombus bifarius,143,129,34,8418,325,-48,373,189,30,248,30,1159,140,54,25,369,195,293,195
4,Cameron et al. 2011,90,Bombus impatiens,143,129,34,8418,325,-48,373,189,30,248,30,1159,140,54,25,369,195,293,195
0,Cameron et al. 2011,90,Bombus bifarius,67,120,26,11583,285,-171,456,208,-92,208,-92,746,110,18,51,316,63,316,63
1,Cameron et al. 2011,90,Bombus impatiens,67,120,26,11583,285,-171,456,208,-92,208,-92,746,110,18,51,316,63,316,63
0,Cameron et al. 2011,90,Bombus bifarius,177,131,39,7303,338,5,333,78,230,267,78,1376,147,80,16,386,275,295,386
5,Cameron et al. 2011,90,Bombus impatiens,177,131,39,7303,338,5,333,78,230,267,78,1376,147,80,16,386,275,295,386
0,Cameron et al. 2011,90,Bombus bifarius,96,118,28,10576,301,-120,421,204,-50,225,-50,915,113,32,37,326,106,319,106
11,Cameron et al. 2011,90,Bombus impatiens,96,118,28,10576,301,-120,421,204,-50,225,-50,915,113,32,37,326,106,319,106
0,Cameron et al. 2011,90,Bombus bifarius,107,122,30,9901,306,-100,406,218,-28,228,-28,936,112,32,38,322,108,318,108
27,Cameron et al. 2011,90,Bombus impatiens,107,122,30,9901,306,-100,406,218,-28,228,-28,936,112,32,38,322,108,318,108
0,Cameron et al. 2011,90,Bombus bifarius,123,117,29,9671,316,-79,395,177,-9,242,-9,995,125,36,32,335,133,301,133
20,Cameron et al. 2011,90,Bombus impatiens,123,117,29,9671,316,-79,395,177,-9,242,-9,995,125,36,32,335,133,301,133
0,Cameron et al. 2011,90,Bombus bifarius,71,122,26,11411,290,-165,455,209,-87,209,-87,782,108,19,48,308,71,308,71
5,Cameron et al. 2011,90,Bombus impatiens,71,122,26,11411,290,-165,455,209,-87,209,-87,782,108,19,48,308,71,308,71
0,Cameron et al. 2011,90,Bombus bifarius,67,116,26,11209,279,-163,442,202,-89,202,-89,838,107,23,46,318,80,318,80
47,Cameron et al. 2011,90,Bombus impatiens,67,116,26,11209,279,-163,442,202,-89,202,-89,838,107,23,46,318,80,318,80
0,Cameron et al. 2011,90,Bombus bifarius,166,117,34,8068,333,-10,343,168,223,266,56,1268,132,73,20,394,249,252,325
9,Cameron et al. 2011,90,Bombus impatiens,166,117,34,8068,333,-10,343,168,223,266,56,1268,132,73,20,394,249,252,325
0,Cameron et al. 2011,90,Bombus bifarius,75,115,26,11151,288,-153,441,211,-78,211,-78,808,103,22,45,307,78,307,78
6,Cameron et al. 2011,90,Bombus impatiens,75,115,26,11151,288,-153,441,211,-78,211,-78,808,103,22,45,307,78,307,78
0,Cameron et al. 2011,90,Bombus bifarius,68,123,27,11121,285,-163,448,190,-86,203,-86,821,105,23,45,314,79,309,79
21,Cameron et al. 2011,90,Bombus impatiens,68,123,27,11121,285,-163,448,190,-86,203,-86,821,105,23,45,314,79,309,79
0,Cameron et al. 2011,90,Bombus bifarius,125,133,33,9231,319,-78,397,178,-1,239,-1,990,110,51,19,295,179,268,179
26,Cameron et al. 2011,90,Bombus impatiens,125,133,33,9231,319,-78,397,178,-1,239,-1,990,110,51,19,295,179,268,179
0,Cameron et al. 2011,90,Bombus bifarius,125,133,33,9231,319,-78,397,178,-1,239,-1,990,110,51,19,295,179,268,179
0,Cameron et al. 2011,90,Bombus impatiens,125,133,33,9231,319,-78,397,178,-1,239,-1,990,110,51,19,295,179,268,179
0,Cameron et al. 2011,90,Bombus bifarius,123,127,31,9416,317,-81,398,219,-6,239,-6,965,107,46,21,296,169,269,169
1,Cameron et al. 2011,90,Bombus impatiens,123,127,31,9416,317,-81,398,219,-6,239,-6,965,107,46,21,296,169,269,169
0,Cameron et al. 2011,90,Bombus bifarius,160,119,33,8308,330,-22,352,162,219,262,47,1309,140,80,21,408,251,263,340
1,Cameron et al. 2011,90,Bombus impatiens,160,119,33,8308,330,-22,352,162,219,262,47,1309,140,80,21,408,251,263,340
0,Cameron et al. 2011,90,Bombus bifarius,85,111,26,10618,287,-130,417,214,-61,214,-61,878,108,28,39,314,100,314,100
29,Cameron et al. 2011,90,Bombus impatiens,85,111,26,10618,287,-130,417,214,-61,214,-61,878,108,28,39,314,100,314,100
0,Cameron et al. 2011,90,Bombus bifarius,65,129,28,10988,284,-166,450,186,-87,199,-87,830,108,24,43,315,84,306,84
25,Cameron et al. 2011,90,Bombus impatiens,65,129,28,10988,284,-166,450,186,-87,199,-87,830,108,24,43,315,84,306,84
0,Cameron et al. 2011,90,Bombus bifarius,128,120,31,9396,318,-69,387,224,1,245,1,983,103,50,19,293,183,270,183
0,Cameron et al. 2011,90,Bombus impatiens,128,120,31,9396,318,-69,387,224,1,245,1,983,103,50,19,293,183,270,183
0,Cameron et al. 2011,90,Bombus bifarius,118,119,30,9553,310,-79,389,175,-11,236,-11,954,107,46,22,299,164,273,164
0,Cameron et al. 2011,90,Bombus impatiens,118,119,30,9553,310,-79,389,175,-11,236,-11,954,107,46,22,299,164,273,164
0,Cameron et al. 2011,90,Bombus bifarius,69,123,28,10764,280,-155,435,188,-79,201,-79,815,103,25,42,302,86,297,86
60,Cameron et al. 2011,90,Bombus impatiens,69,123,28,10764,280,-155,435,188,-79,201,-79,815,103,25,42,302,86,297,86
0,Cameron et al. 2011,90,Bombus bifarius,98,116,28,10195,294,-111,405,202,-43,222,-43,935,103,34,30,305,131,295,131
9,Cameron et al. 2011,90,Bombus impatiens,98,116,28,10195,294,-111,405,202,-43,222,-43,935,103,34,30,305,131,295,131
0,Cameron et al. 2011,90,Bombus bifarius,101,116,28,10175,298,-106,404,205,-39,225,-39,930,102,35,30,303,132,292,132
54,Cameron et al. 2011,90,Bombus impatiens,101,116,28,10175,298,-106,404,205,-39,225,-39,930,102,35,30,303,132,292,132
0,Cameron et al. 2011,90,Bombus bifarius,77,116,27,10551,283,-137,420,206,-68,206,-68,814,100,27,39,296,95,296,95
22,Cameron et al. 2011,90,Bombus impatiens,77,116,27,10551,283,-137,420,206,-68,206,-68,814,100,27,39,296,95,296,95
0,Cameron et al. 2011,90,Bombus bifarius,131,124,32,9060,318,-62,380,131,8,243,8,1126,117,66,17,337,237,293,237
9,Cameron et al. 2011,90,Bombus impatiens,131,124,32,9060,318,-62,380,131,8,243,8,1126,117,66,17,337,237,293,237
0,Cameron et al. 2011,90,Bombus bifarius,87,115,28,10347,286,-123,409,213,-55,213,-55,910,112,31,35,315,117,315,117
4,Cameron et al. 2011,90,Bombus impatiens,87,115,28,10347,286,-123,409,213,-55,213,-55,910,112,31,35,315,117,315,117
0,Cameron et al. 2011,90,Bombus bifarius,118,120,30,9683,312,-80,392,175,-14,236,-14,958,102,48,22,300,168,282,168
10,Cameron et al. 2011,90,Bombus impatiens,118,120,30,9683,312,-80,392,175,-14,236,-14,958,102,48,22,300,168,282,168
0,Cameron et al. 2011,90,Bombus bifarius,134,119,32,8911,315,-54,369,133,198,244,13,1193,125,74,15,361,250,294,274
46,Cameron et al. 2011,90,Bombus impatiens,134,119,32,8911,315,-54,369,133,198,244,13,1193,125,74,15,361,250,294,274
0,Cameron et al. 2011,90,Bombus bifarius,140,120,32,8723,320,-44,364,140,202,249,22,1257,126,78,14,372,257,297,309
16,Cameron et al. 2011,90,Bombus impatiens,140,120,32,8723,320,-44,364,140,202,249,22,1257,126,78,14,372,257,297,309
0,Cameron et al. 2011,90,Bombus bifarius,110,119,30,9856,303,-90,393,211,-24,230,-24,984,109,47,24,309,168,300,168
11,Cameron et al. 2011,90,Bombus impatiens,110,119,30,9856,303,-90,393,211,-24,230,-24,984,109,47,24,309,168,300,168
0,Cameron et al. 2011,90,Bombus bifarius,168,127,38,7397,328,1,327,124,221,260,70,1419,156,83,21,429,256,300,410
63,Cameron et al. 2011,90,Bombus impatiens,168,127,38,7397,328,1,327,124,221,260,70,1419,156,83,21,429,256,300,410
0,Cameron et al. 2011,90,Bombus bifarius,114,118,30,9781,308,-84,392,214,-20,233,-20,994,112,51,22,311,181,300,181
4,Cameron et al. 2011,90,Bombus impatiens,114,118,30,9781,308,-84,392,214,-20,233,-20,994,112,51,22,311,181,300,181
0,Cameron et al. 2011,90,Bombus bifarius,111,115,29,9814,303,-86,389,212,-22,231,-22,986,113,49,23,313,173,303,173
14,Cameron et al. 2011,90,Bombus impatiens,111,115,29,9814,303,-86,389,212,-22,231,-22,986,113,49,23,313,173,303,173
0,Cameron et al. 2011,90,Bombus bifarius,89,114,28,10173,288,-116,404,214,-50,214,-50,918,105,32,32,312,127,312,127
32,Cameron et al. 2011,90,Bombus impatiens,89,114,28,10173,288,-116,404,214,-50,214,-50,918,105,32,32,312,127,312,127
0,Cameron et al. 2011,90,Bombus bifarius,198,91,34,6232,320,56,264,271,163,274,115,1530,180,86,21,496,307,469,374
20,Cameron et al. 2011,90,Bombus impatiens,198,91,34,6232,320,56,264,271,163,274,115,1530,180,86,21,496,307,469,374
0,Cameron et al. 2011,90,Bombus bifarius,142,137,37,8226,319,-46,365,143,202,244,31,1366,141,83,15,394,271,309,359
58,Cameron et al. 2011,90,Bombus impatiens,142,137,37,8226,319,-46,365,143,202,244,31,1366,141,83,15,394,271,309,359
0,Cameron et al. 2011,90,Bombus bifarius,141,122,33,8486,317,-43,360,142,202,246,26,1260,128,78,14,365,255,289,326
14,Cameron et al. 2011,90,Bombus impatiens,141,122,33,8486,317,-43,360,142,202,246,26,1260,128,78,14,365,255,289,326
0,Cameron et al. 2011,90,Bombus bifarius,105,120,31,9383,296,-86,382,201,-22,220,-22,1045,113,54,22,330,192,321,192
61,Cameron et al. 2011,90,Bombus impatiens,105,120,31,9383,296,-86,382,201,-22,220,-22,1045,113,54,22,330,192,321,192
0,Cameron et al. 2011,90,Bombus bifarius,106,121,31,9380,297,-85,382,202,-21,221,-21,1051,114,55,21,332,194,322,194
71,Cameron et al. 2011,90,Bombus impatiens,106,121,31,9380,297,-85,382,202,-21,221,-21,1051,114,55,21,332,194,322,194
0,Cameron et al. 2011,90,Bombus bifarius,181,127,40,6952,332,22,310,140,184,268,90,1319,159,63,22,411,242,320,373
0,Cameron et al. 2011,90,Bombus impatiens,181,127,40,6952,332,22,310,140,184,268,90,1319,159,63,22,411,242,320,373
0,Cameron et al. 2011,90,Bombus bifarius,98,118,30,9676,293,-98,391,197,-34,217,-34,955,107,43,25,303,158,301,158
11,Cameron et al. 2011,90,Bombus impatiens,98,118,30,9676,293,-98,391,197,-34,217,-34,955,107,43,25,303,158,301,158
0,Cameron et al. 2011,90,Bombus bifarius,142,135,37,8105,318,-39,357,140,201,243,34,1311,139,77,15,378,264,301,347
11,Cameron et al. 2011,90,Bombus impatiens,142,135,37,8105,318,-39,357,140,201,243,34,1311,139,77,15,378,264,301,347
0,Cameron et al. 2011,90,Bombus bifarius,122,121,32,8874,303,-65,368,120,2,232,2,1170,122,74,17,348,239,323,239
56,Cameron et al. 2011,90,Bombus impatiens,122,121,32,8874,303,-65,368,120,2,232,2,1170,122,74,17,348,239,323,239
0,Cameron et al. 2011,90,Bombus bifarius,179,134,42,6721,330,16,314,104,185,262,90,1441,169,65,20,445,276,365,409
14,Cameron et al. 2011,90,Bombus impatiens,179,134,42,6721,330,16,314,104,185,262,90,1441,169,65,20,445,276,365,409
0,Cameron et al. 2011,90,Bombus bifarius,117,121,32,8904,301,-68,369,114,-3,227,-3,1102,119,70,17,330,231,302,231
93,Cameron et al. 2011,90,Bombus impatiens,117,121,32,8904,301,-68,369,114,-3,227,-3,1102,119,70,17,330,231,302,231
0,Cameron et al. 2011,90,Bombus bifarius,116,121,32,8920,300,-69,369,113,-4,227,-4,1107,120,70,17,333,231,303,231
47,Cameron et al. 2011,90,Bombus impatiens,116,121,32,8920,300,-69,369,113,-4,227,-4,1107,120,70,17,333,231,303,231
0,Cameron et al. 2011,90,Bombus bifarius,145,133,39,7669,312,-28,340,59,201,241,43,1432,162,89,16,428,295,318,399
8,Cameron et al. 2011,90,Bombus impatiens,145,133,39,7669,312,-28,340,59,201,241,43,1432,162,89,16,428,295,318,399
0,Cameron et al. 2011,90,Bombus bifarius,125,125,34,8484,305,-54,359,122,135,231,11,1161,121,70,16,341,246,313,261
8,Cameron et al. 2011,90,Bombus impatiens,125,125,34,8484,305,-54,359,122,135,231,11,1161,121,70,16,341,246,313,261
0,Cameron et al. 2011,90,Bombus bifarius,150,133,39,7554,315,-23,338,65,205,244,49,1407,154,88,15,417,288,324,388
5,Cameron et al. 2011,90,Bombus impatiens,150,133,39,7554,315,-23,338,65,205,244,49,1407,154,88,15,417,288,324,388
0,Cameron et al. 2011,90,Bombus bifarius,131,138,40,7418,298,-40,338,47,186,224,32,1513,162,91,14,440,316,369,413
14,Cameron et al. 2011,90,Bombus impatiens,131,138,40,7418,298,-40,338,47,186,224,32,1513,162,91,14,440,316,369,413
0,Cameron et al. 2011,90,Bombus bifarius,98,115,29,9645,292,-94,386,198,-32,217,-32,883,93,46,21,277,163,264,163
12,Cameron et al. 2011,90,Bombus impatiens,98,115,29,9645,292,-94,386,198,-32,217,-32,883,93,46,21,277,163,264,163
0,Cameron et al. 2011,90,Bombus bifarius,148,127,39,7293,307,-18,325,66,154,240,51,1457,164,95,16,443,302,334,408
29,Cameron et al. 2011,90,Bombus impatiens,148,127,39,7293,307,-18,325,66,154,240,51,1457,164,95,16,443,302,334,408
0,Cameron et al. 2011,90,Bombus bifarius,133,132,39,7445,296,-38,334,49,140,226,34,1427,150,83,14,405,290,365,382
11,Cameron et al. 2011,90,Bombus impatiens,133,132,39,7445,296,-38,334,49,140,226,34,1427,150,83,14,405,290,365,382
0,Cameron et al. 2011,90,Bombus bifarius,161,129,39,7195,322,-4,326,81,166,252,66,1278,141,88,15,386,269,306,349
6,Cameron et al. 2011,90,Bombus impatiens,161,129,39,7195,322,-4,326,81,166,252,66,1278,141,88,15,386,269,306,349
0,Cameron et al. 2011,90,Bombus bifarius,99,105,28,9573,290,-85,375,218,-16,218,-29,858,94,43,22,269,155,269,157
0,Cameron et al. 2011,90,Bombus impatiens,99,105,28,9573,290,-85,375,218,-16,218,-29,858,94,43,22,269,155,269,157
0,Cameron et al. 2011,90,Bombus bifarius,118,130,38,7821,288,-53,341,197,126,216,14,1278,128,77,13,354,263,340,328
43,Cameron et al. 2011,90,Bombus impatiens,118,130,38,7821,288,-53,341,197,126,216,14,1278,128,77,13,354,263,340,328
0,Cameron et al. 2011,90,Bombus bifarius,130,134,39,7548,298,-41,339,206,136,225,30,1137,122,67,15,328,233,321,267
5,Cameron et al. 2011,90,Bombus impatiens,130,134,39,7548,298,-41,339,206,136,225,30,1137,122,67,15,328,233,321,267
0,Cameron et al. 2011,90,Bombus bifarius,126,130,38,7784,296,-44,340,205,133,224,22,1151,118,69,13,324,239,311,287
9,Cameron et al. 2011,90,Bombus impatiens,126,130,38,7784,296,-44,340,205,133,224,22,1151,118,69,13,324,239,311,287
0,Cameron et al. 2011,90,Bombus bifarius,164,138,41,7240,328,-4,332,84,169,255,68,1190,125,77,15,353,240,310,325
51,Cameron et al. 2011,90,Bombus impatiens,164,138,41,7240,328,-4,332,84,169,255,68,1190,125,77,15,353,240,310,325
0,Cameron et al. 2011,90,Bombus bifarius,84,110,36,6905,229,-73,302,154,-8,170,-8,1681,160,119,9,454,373,451,373
35,Cameron et al. 2011,90,Bombus impatiens,84,110,36,6905,229,-73,302,154,-8,170,-8,1681,160,119,9,454,373,451,373
0,Cameron et al. 2011,90,Bombus bifarius,92,111,30,8978,277,-86,363,183,-29,203,-29,957,104,52,20,300,178,291,178
41,Cameron et al. 2011,90,Bombus impatiens,92,111,30,8978,277,-86,363,183,-29,203,-29,957,104,52,20,300,178,291,178
0,Cameron et al. 2011,90,Bombus bifarius,117,131,39,7181,278,-51,329,114,37,207,21,1378,134,99,9,372,306,367,308
5,Cameron et al. 2011,90,Bombus impatiens,117,131,39,7181,278,-51,329,114,37,207,21,1378,134,99,9,372,306,367,308
0,Cameron et al. 2011,90,Bombus bifarius,114,129,39,7183,275,-52,327,111,34,205,19,1396,135,100,9,377,309,372,310
26,Cameron et al. 2011,90,Bombus impatiens,114,129,39,7183,275,-52,327,111,34,205,19,1396,135,100,9,377,309,372,310
0,Cameron et al. 2011,90,Bombus bifarius,158,140,41,7333,328,-9,337,78,110,252,63,1224,131,83,13,356,266,321,323
20,Cameron et al. 2011,90,Bombus impatiens,158,140,41,7333,328,-9,337,78,110,252,63,1224,131,83,13,356,266,321,323
0,Cameron et al. 2011,90,Bombus bifarius,99,122,33,8713,280,-84,364,187,-19,207,-19,1025,113,62,18,320,201,309,201
14,Cameron et al. 2011,90,Bombus impatiens,99,122,33,8713,280,-84,364,187,-19,207,-19,1025,113,62,18,320,201,309,201
0,Cameron et al. 2011,90,Bombus bifarius,108,128,38,7504,274,-60,334,185,8,202,8,1164,114,76,12,325,240,308,240
53,Cameron et al. 2011,90,Bombus impatiens,108,128,38,7504,274,-60,334,185,8,202,8,1164,114,76,12,325,240,308,240
0,Cameron et al. 2011,90,Bombus bifarius,168,128,40,7126,322,3,319,257,122,257,73,1135,133,66,21,369,218,369,267
1,Cameron et al. 2011,90,Bombus impatiens,168,128,40,7126,322,3,319,257,122,257,73,1135,133,66,21,369,218,369,267
0,Cameron et al. 2011,90,Bombus bifarius,133,132,38,7730,303,-39,342,212,46,230,30,1219,120,87,10,338,266,329,270
9,Cameron et al. 2011,90,Bombus impatiens,133,132,38,7730,303,-39,342,212,46,230,30,1219,120,87,10,338,266,329,270
0,Cameron et al. 2011,90,Bombus bifarius,162,131,39,7357,324,-7,331,254,115,254,64,1178,134,73,18,365,240,365,284
45,Cameron et al. 2011,90,Bombus impatiens,162,131,39,7357,324,-7,331,254,115,254,64,1178,134,73,18,365,240,365,284
0,Cameron et al. 2011,90,Bombus bifarius,160,132,39,7495,325,-11,336,254,114,254,60,1173,130,72,16,354,248,354,287
37,Cameron et al. 2011,90,Bombus impatiens,160,132,39,7495,325,-11,336,254,114,254,60,1173,130,72,16,354,248,354,287
0,Cameron et al. 2011,90,Bombus bifarius,130,131,37,7843,303,-42,345,210,25,228,25,1037,104,70,11,289,221,285,221
65,Cameron et al. 2011,90,Bombus impatiens,130,131,37,7843,303,-42,345,210,25,228,25,1037,104,70,11,289,221,285,221
0,Cameron et al. 2011,90,Bombus bifarius,147,129,38,7664,314,-25,339,244,100,244,45,1142,115,77,12,326,250,326,272
8,Cameron et al. 2011,90,Bombus impatiens,147,129,38,7664,314,-25,339,244,100,244,45,1142,115,77,12,326,250,326,272
0,Cameron et al. 2011,90,Bombus bifarius,86,97,27,9311,275,-84,359,196,-28,205,-35,864,92,54,13,241,180,232,191
22,Cameron et al. 2011,90,Bombus impatiens,86,97,27,9311,275,-84,359,196,-28,205,-35,864,92,54,13,241,180,232,191
0,Cameron et al. 2011,90,Bombus bifarius,131,132,37,8010,306,-47,353,225,25,233,25,1107,108,83,9,302,250,297,250
73,Cameron et al. 2011,90,Bombus impatiens,131,132,37,8010,306,-47,353,225,25,233,25,1107,108,83,9,302,250,297,250
0,Cameron et al. 2011,90,Bombus bifarius,78,121,32,8809,269,-101,370,167,-40,187,-40,1043,120,62,18,324,203,319,203
38,Cameron et al. 2011,90,Bombus impatiens,78,121,32,8809,269,-101,370,167,-40,187,-40,1043,120,62,18,324,203,319,203
0,Cameron et al. 2011,90,Bombus bifarius,95,111,30,8888,282,-79,361,187,-23,207,-23,987,105,64,15,296,198,286,198
61,Cameron et al. 2011,90,Bombus impatiens,95,111,30,8888,282,-79,361,187,-23,207,-23,987,105,64,15,296,198,286,198
0,Cameron et al. 2011,90,Bombus bifarius,85,110,29,9147,275,-92,367,200,-27,200,-36,845,92,43,22,256,142,256,147
24,Cameron et al. 2011,90,Bombus impatiens,85,110,29,9147,275,-92,367,200,-27,200,-36,845,92,43,22,256,142,256,147
0,Cameron et al. 2011,90,Bombus bifarius,83,117,31,8914,273,-96,369,174,-36,195,-36,880,102,49,22,289,154,276,154
19,Cameron et al. 2011,90,Bombus impatiens,83,117,31,8914,273,-96,369,174,-36,195,-36,880,102,49,22,289,154,276,154
0,Cameron et al. 2011,90,Bombus bifarius,53,122,30,9572,249,-148,397,162,-64,171,-76,1075,113,66,14,306,218,302,222
1,Cameron et al. 2011,90,Bombus impatiens,53,122,30,9572,249,-148,397,162,-64,171,-76,1075,113,66,14,306,218,302,222
0,Cameron et al. 2011,90,Bombus bifarius,98,120,31,9038,289,-88,377,189,-23,211,-23,1086,102,71,10,298,233,294,233
51,Cameron et al. 2011,90,Bombus impatiens,98,120,31,9038,289,-88,377,189,-23,211,-23,1086,102,71,10,298,233,294,233
0,Cameron et al. 2011,90,Bombus bifarius,79,126,32,9152,276,-113,389,194,-31,194,-44,1146,106,76,9,309,248,309,254
7,Cameron et al. 2011,90,Bombus impatiens,79,126,32,9152,276,-113,389,194,-31,194,-44,1146,106,76,9,309,248,309,254
0,Cameron et al. 2011,90,Bombus bifarius,109,97,29,8357,277,-52,329,91,1,215,1,1149,106,83,8,308,276,283,276
48,Cameron et al. 2011,90,Bombus impatiens,109,97,29,8357,277,-52,329,91,1,215,1,1149,106,83,8,308,276,283,276
0,Cameron et al. 2011,90,Bombus bifarius,92,118,31,9047,283,-93,376,138,-16,206,-28,1221,111,86,7,322,280,301,284
100,Cameron et al. 2011,90,Bombus impatiens,92,118,31,9047,283,-93,376,138,-16,206,-28,1221,111,86,7,322,280,301,284
0,Cameron et al. 2011,90,Bombus bifarius,58,117,30,9408,252,-137,389,108,-56,175,-68,1307,122,92,8,344,292,339,305
2,Cameron et al. 2011,90,Bombus impatiens,58,117,30,9408,252,-137,389,108,-56,175,-68,1307,122,92,8,344,292,339,305
0,Cameron et al. 2011,90,Bombus bifarius,108,96,29,8346,276,-53,329,25,188,214,0,1145,107,85,9,306,265,274,287
56,Cameron et al. 2011,90,Bombus impatiens,108,96,29,8346,276,-53,329,25,188,214,0,1145,107,85,9,306,265,274,287
0,Cameron et al. 2011,90,Bombus bifarius,87,126,31,9324,286,-108,394,137,-25,204,-38,1146,104,81,7,304,258,295,265
49,Cameron et al. 2011,90,Bombus impatiens,87,126,31,9324,286,-108,394,137,-25,204,-38,1146,104,81,7,304,258,295,265
0,Cameron et al. 2011,90,Bombus bifarius,60,127,31,9655,263,-145,408,180,-57,180,-70,1142,111,75,10,309,244,309,253
5,Cameron et al. 2011,90,Bombus impatiens,60,127,31,9655,263,-145,408,180,-57,180,-70,1142,111,75,10,309,244,309,253
0,Cameron et al. 2011,90,Bombus bifarius,92,119,31,8955,282,-92,374,137,-16,205,-27,1169,108,81,7,305,267,293,271
46,Cameron et al. 2011,90,Bombus impatiens,92,119,31,8955,282,-92,374,137,-16,205,-27,1169,108,81,7,305,267,293,271
0,Cameron et al. 2011,90,Bombus bifarius,74,120,31,9207,266,-118,384,29,-37,189,-50,1153,114,87,7,314,272,285,280
13,Cameron et al. 2011,90,Bombus impatiens,74,120,31,9207,266,-118,384,29,-37,189,-50,1153,114,87,7,314,272,285,280
0,Cameron et al. 2011,90,Bombus bifarius,94,117,31,8868,283,-88,371,2,183,206,-24,1150,118,84,9,322,259,263,297
29,Cameron et al. 2011,90,Bombus impatiens,94,117,31,8868,283,-88,371,2,183,206,-24,1150,118,84,9,322,259,263,297
0,Cameron et al. 2011,100,Bombus bifarius,85,98,26,9654,268,-108,376,199,-46,204,-46,865,98,31,30,289,127,288,127
6,Cameron et al. 2011,100,Bombus impatiens,85,98,26,9654,268,-108,376,199,-46,204,-46,865,98,31,30,289,127,288,127
0,Cameron et al. 2011,110,Bombus bifarius,97,118,27,10633,302,-121,423,227,-49,227,-49,889,111,24,43,322,84,322,84
2,Cameron et al. 2011,110,Bombus impatiens,97,118,27,10633,302,-121,423,227,-49,227,-49,889,111,24,43,322,84,322,84
0,Cameron et al. 2011,120,Bombus bifarius,82,139,30,11164,319,-144,463,194,-45,223,-65,451,82,9,63,216,33,191,33
0,Cameron et al. 2011,120,Bombus impatiens,82,139,30,11164,319,-144,463,194,-45,223,-65,451,82,9,63,216,33,191,33
0,Cameron et al. 2011,120,Bombus bifarius,41,133,27,12410,281,-210,491,192,-129,192,-129,467,87,11,63,218,38,218,38
0,Cameron et al. 2011,120,Bombus impatiens,41,133,27,12410,281,-210,491,192,-129,192,-129,467,87,11,63,218,38,218,38
1,Cameron et al. 2011,120,Bombus bifarius,69,125,26,11684,298,-165,463,190,-89,213,-89,584,97,14,55,254,45,241,45
1,Cameron et al. 2011,120,Bombus impatiens,69,125,26,11684,298,-165,463,190,-89,213,-89,584,97,14,55,254,45,241,45
0,Cameron et al. 2011,120,Bombus bifarius,79,132,28,11426,303,-158,461,197,-77,219,-77,616,99,11,54,261,47,251,47
0,Cameron et al. 2011,120,Bombus impatiens,79,132,28,11426,303,-158,461,197,-77,219,-77,616,99,11,54,261,47,251,47
0,Cameron et al. 2011,120,Bombus bifarius,66,119,26,11639,288,-166,454,187,-93,209,-93,665,96,15,50,270,52,263,52
1,Cameron et al. 2011,120,Bombus impatiens,66,119,26,11639,288,-166,454,187,-93,209,-93,665,96,15,50,270,52,263,52
0,Cameron et al. 2011,120,Bombus bifarius,68,120,26,11621,288,-169,457,209,-92,209,-92,777,107,20,49,310,69,310,69
12,Cameron et al. 2011,120,Bombus impatiens,68,120,26,11621,288,-169,457,209,-92,209,-92,777,107,20,49,310,69,310,69
0,Cameron et al. 2011,120,Bombus bifarius,112,121,29,9836,309,-95,404,212,-23,232,-23,976,115,33,36,330,117,318,117
14,Cameron et al. 2011,120,Bombus impatiens,112,121,29,9836,309,-95,404,212,-23,232,-23,976,115,33,36,330,117,318,117
0,Cameron et al. 2011,120,Bombus bifarius,125,133,33,9231,319,-78,397,178,-1,239,-1,990,110,51,19,295,179,268,179
1,Cameron et al. 2011,120,Bombus impatiens,125,133,33,9231,319,-78,397,178,-1,239,-1,990,110,51,19,295,179,268,179
0,Cameron et al. 2011,120,Bombus bifarius,89,114,28,10173,288,-116,404,214,-50,214,-50,918,105,32,32,312,127,312,127
26,Cameron et al. 2011,120,Bombus impatiens,89,114,28,10173,288,-116,404,214,-50,214,-50,918,105,32,32,312,127,312,127
0,Cameron et al. 2011,120,Bombus bifarius,89,114,28,10173,288,-116,404,214,-50,214,-50,918,105,32,32,312,127,312,127
106,Cameron et al. 2011,120,Bombus impatiens,89,114,28,10173,288,-116,404,214,-50,214,-50,918,105,32,32,312,127,312,127
0,Cameron et al. 2011,120,Bombus bifarius,105,120,31,9383,296,-86,382,201,-22,220,-22,1045,113,54,22,330,192,321,192
15,Cameron et al. 2011,120,Bombus impatiens,105,120,31,9383,296,-86,382,201,-22,220,-22,1045,113,54,22,330,192,321,192
0,Cameron et al. 2011,120,Bombus bifarius,122,122,33,8851,303,-64,367,120,3,232,3,1170,122,76,17,348,243,322,243
28,Cameron et al. 2011,120,Bombus impatiens,122,122,33,8851,303,-64,367,120,3,232,3,1170,122,76,17,348,243,322,243
0,Cameron et al. 2011,120,Bombus bifarius,122,124,33,8844,303,-64,367,119,2,231,2,1171,122,76,17,348,244,322,244
20,Cameron et al. 2011,120,Bombus impatiens,122,124,33,8844,303,-64,367,119,2,231,2,1171,122,76,17,348,244,322,244
0,Cameron et al. 2011,120,Bombus bifarius,98,119,30,9637,294,-97,391,196,-33,216,-33,958,107,45,24,303,162,303,162
40,Cameron et al. 2011,120,Bombus impatiens,98,119,30,9637,294,-97,391,196,-33,216,-33,958,107,45,24,303,162,303,162
0,Cameron et al. 2011,120,Bombus bifarius,117,121,32,8904,301,-68,369,114,-3,227,-3,1102,119,70,17,330,231,302,231
38,Cameron et al. 2011,120,Bombus impatiens,117,121,32,8904,301,-68,369,114,-3,227,-3,1102,119,70,17,330,231,302,231
0,Cameron et al. 2011,135,Bombus bifarius,125,133,33,9231,319,-78,397,178,-1,239,-1,990,110,51,19,295,179,268,179
0,Cameron et al. 2011,135,Bombus impatiens,125,133,33,9231,319,-78,397,178,-1,239,-1,990,110,51,19,295,179,268,179
0,Cameron et al. 2011,160,Bombus bifarius,104,126,29,10555,314,-114,428,213,-38,236,-38,734,106,14,52,293,54,279,54
6,Cameron et al. 2011,160,Bombus impatiens,104,126,29,10555,314,-114,428,213,-38,236,-38,734,106,14,52,293,54,279,54
0,Cameron et al. 2011,170,Bombus bifarius,102,123,28,10619,308,-119,427,212,-42,233,-42,800,110,19,51,321,66,310,66
4,Cameron et al. 2011,170,Bombus impatiens,102,123,28,10619,308,-119,427,212,-42,233,-42,800,110,19,51,321,66,310,66
0,Cameron et al. 2011,30,Bombus bifarius,97,108,38,6025,259,-19,278,28,174,174,22,1678,288,16,69,827,93,106,782
0,Cameron et al. 2011,30,Bombus impatiens,97,108,38,6025,259,-19,278,28,174,174,22,1678,288,16,69,827,93,106,782
65,Cameron et al. 2011,30,Bombus bifarius,17,154,37,8719,244,-166,410,-80,125,130,-93,583,66,34,20,181,113,125,176
0,Cameron et al. 2011,30,Bombus impatiens,17,154,37,8719,244,-166,410,-80,125,130,-93,583,66,34,20,181,113,125,176
11,Cameron et al. 2011,30,Bombus bifarius,51,137,44,5857,234,-71,305,-10,128,130,-16,914,156,12,63,434,64,64,395
0,Cameron et al. 2011,30,Bombus impatiens,51,137,44,5857,234,-71,305,-10,128,130,-16,914,156,12,63,434,64,64,395
35,Cameron et al. 2011,30,Bombus bifarius,51,137,44,5857,234,-71,305,-10,128,130,-16,914,156,12,63,434,64,64,395
0,Cameron et al. 2011,30,Bombus impatiens,51,137,44,5857,234,-71,305,-10,128,130,-16,914,156,12,63,434,64,64,395
19,Cameron et al. 2011,60,Bombus bifarius,51,137,44,5857,234,-71,305,-10,128,130,-16,914,156,12,63,434,64,64,395
0,Cameron et al. 2011,60,Bombus impatiens,51,137,44,5857,234,-71,305,-10,128,130,-16,914,156,12,63,434,64,64,395
34,Cameron et al. 2011,30,Bombus bifarius,1,168,40,8543,211,-208,419,104,38,109,-109,545,55,31,16,151,109,137,150
0,Cameron et al. 2011,30,Bombus impatiens,1,168,40,8543,211,-208,419,104,38,109,-109,545,55,31,16,151,109,137,150
32,Cameron et al. 2011,30,Bombus bifarius,1,168,40,8543,211,-208,419,104,38,109,-109,545,55,31,16,151,109,137,150
0,Cameron et al. 2011,30,Bombus impatiens,1,168,40,8543,211,-208,419,104,38,109,-109,545,55,31,16,151,109,137,150
0,Cameron et al. 2011,35,Bombus bifarius,72,172,46,6620,278,-89,367,-1,158,158,-10,789,137,9,71,375,41,41,372
0,Cameron et al. 2011,35,Bombus impatiens,72,172,46,6620,278,-89,367,-1,158,158,-10,789,137,9,71,375,41,41,372
1,Cameron et al. 2011,85,Bombus bifarius,76,155,46,6161,271,-62,333,8,156,157,3,864,140,9,65,399,48,49,388
0,Cameron et al. 2011,85,Bombus impatiens,76,155,46,6161,271,-62,333,8,156,157,3,864,140,9,65,399,48,49,388
0,Cameron et al. 2011,20,Bombus bifarius,76,155,46,6161,271,-62,333,8,156,157,3,864,140,9,65,399,48,49,388
0,Cameron et al. 2011,20,Bombus impatiens,76,155,46,6161,271,-62,333,8,156,157,3,864,140,9,65,399,48,49,388
0,Cameron et al. 2011,30,Bombus bifarius,109,92,53,2972,202,31,171,79,145,149,74,1611,271,12,69,783,75,82,733
0,Cameron et al. 2011,30,Bombus impatiens,109,92,53,2972,202,31,171,79,145,149,74,1611,271,12,69,783,75,82,733
5,Cameron et al. 2011,30,Bombus bifarius,57,136,43,6130,247,-69,316,-11,137,139,-16,1035,176,20,62,496,87,89,463
0,Cameron et al. 2011,30,Bombus impatiens,57,136,43,6130,247,-69,316,-11,137,139,-16,1035,176,20,62,496,87,89,463
0,Cameron et al. 2011,15,Bombus bifarius,-1,137,38,7648,203,-156,359,26,-91,104,-91,566,68,34,27,202,105,147,105
0,Cameron et al. 2011,15,Bombus impatiens,-1,137,38,7648,203,-156,359,26,-91,104,-91,566,68,34,27,202,105,147,105
0,Cameron et al. 2011,30,Bombus bifarius,47,129,41,6073,233,-75,308,-19,128,128,-24,1202,204,22,62,574,98,101,534
0,Cameron et al. 2011,30,Bombus impatiens,47,129,41,6073,233,-75,308,-19,128,128,-24,1202,204,22,62,574,98,101,534
7,Cameron et al. 2011,30,Bombus bifarius,97,139,38,7610,309,-50,359,130,193,198,3,509,61,23,26,166,83,103,123
0,Cameron et al. 2011,30,Bombus impatiens,97,139,38,7610,309,-50,359,130,193,198,3,509,61,23,26,166,83,103,123
0,Cameron et al. 2011,15,Bombus bifarius,-14,130,37,7415,183,-160,343,9,-99,88,-99,631,74,39,25,219,121,166,121
0,Cameron et al. 2011,15,Bombus impatiens,-14,130,37,7415,183,-160,343,9,-99,88,-99,631,74,39,25,219,121,166,121
4,Cameron et al. 2011,56,Bombus bifarius,44,140,39,7087,250,-104,354,-36,134,136,-45,613,86,20,38,239,77,95,223
0,Cameron et al. 2011,56,Bombus impatiens,44,140,39,7087,250,-104,354,-36,134,136,-45,613,86,20,38,239,77,95,223
0,Cameron et al. 2011,20,Bombus bifarius,82,176,47,6594,290,-80,370,8,167,167,-1,742,131,8,72,358,37,37,356
0,Cameron et al. 2011,20,Bombus impatiens,82,176,47,6594,290,-80,370,8,167,167,-1,742,131,8,72,358,37,37,356
8,Cameron et al. 2011,30,Bombus bifarius,11,144,36,8735,233,-166,399,50,118,124,-100,664,74,44,18,196,136,163,174
0,Cameron et al. 2011,30,Bombus impatiens,11,144,36,8735,233,-166,399,50,118,124,-100,664,74,44,18,196,136,163,174
30,Cameron et al. 2011,30,Bombus bifarius,38,140,36,8422,251,-131,382,72,-64,150,-64,340,36,20,15,100,67,90,67
0,Cameron et al. 2011,30,Bombus impatiens,38,140,36,8422,251,-131,382,72,-64,150,-64,340,36,20,15,100,67,90,67
3,Cameron et al. 2011,30,Bombus bifarius,51,150,40,7497,265,-106,371,-36,145,148,-45,451,55,19,28,155,70,88,143
0,Cameron et al. 2011,30,Bombus impatiens,51,150,40,7497,265,-106,371,-36,145,148,-45,451,55,19,28,155,70,88,143
39,Cameron et al. 2011,60,Bombus bifarius,51,150,40,7497,265,-106,371,-36,145,148,-45,451,55,19,28,155,70,88,143
0,Cameron et al. 2011,60,Bombus impatiens,51,150,40,7497,265,-106,371,-36,145,148,-45,451,55,19,28,155,70,88,143
9,Cameron et al. 2011,30,Bombus bifarius,-9,141,39,7708,185,-174,359,-33,4,92,-101,638,64,42,11,171,147,156,164
0,Cameron et al. 2011,30,Bombus impatiens,-9,141,39,7708,185,-174,359,-33,4,92,-101,638,64,42,11,171,147,156,164
25,Cameron et al. 2011,30,Bombus bifarius,45,96,37,5597,199,-58,257,-13,119,121,-19,1990,325,27,61,923,145,152,871
0,Cameron et al. 2011,30,Bombus impatiens,45,96,37,5597,199,-58,257,-13,119,121,-19,1990,325,27,61,923,145,152,871
16,Cameron et al. 2011,90,Bombus bifarius,43,157,40,7698,266,-122,388,-44,138,144,-55,682,92,21,37,252,86,103,246
0,Cameron et al. 2011,90,Bombus impatiens,43,157,40,7698,266,-122,388,-44,138,144,-55,682,92,21,37,252,86,103,246
5,Cameron et al. 2011,30,Bombus bifarius,-16,149,39,7889,178,-200,378,82,14,86,-113,662,68,37,16,181,137,165,175
0,Cameron et al. 2011,30,Bombus impatiens,-16,149,39,7889,178,-200,378,82,14,86,-113,662,68,37,16,181,137,165,175
0,Cameron et al. 2011,35,Bombus bifarius,57,145,45,6032,245,-75,320,-7,137,137,-12,812,124,10,61,363,55,55,343
0,Cameron et al. 2011,35,Bombus impatiens,57,145,45,6032,245,-75,320,-7,137,137,-12,812,124,10,61,363,55,55,343
13,Cameron et al. 2011,45,Bombus bifarius,17,166,41,8027,229,-171,400,115,-27,121,-84,448,49,28,17,136,95,133,99
0,Cameron et al. 2011,45,Bombus impatiens,17,166,41,8027,229,-171,400,115,-27,121,-84,448,49,28,17,136,95,133,99
0,Cameron et al. 2011,15,Bombus bifarius,76,155,46,6161,271,-62,333,8,156,157,3,864,140,9,65,399,48,49,388
0,Cameron et al. 2011,15,Bombus impatiens,76,155,46,6161,271,-62,333,8,156,157,3,864,140,9,65,399,48,49,388
0,Cameron et al. 2011,34,Bombus bifarius,64,179,50,6287,248,-105,353,141,90,147,-14,595,108,16,58,279,59,236,127
0,Cameron et al. 2011,34,Bombus impatiens,64,179,50,6287,248,-105,353,141,90,147,-14,595,108,16,58,279,59,236,127
3,Cameron et al. 2011,40,Bombus bifarius,54,136,39,6976,258,-88,346,-26,143,145,-33,608,71,22,29,209,86,102,193
0,Cameron et al. 2011,40,Bombus impatiens,54,136,39,6976,258,-88,346,-26,143,145,-33,608,71,22,29,209,86,102,193
22,Cameron et al. 2011,30,Bombus bifarius,52,136,39,6964,255,-90,345,-28,141,143,-35,621,74,22,31,218,86,102,201
0,Cameron et al. 2011,30,Bombus impatiens,52,136,39,6964,255,-90,345,-28,141,143,-35,621,74,22,31,218,86,102,201
27,Cameron et al. 2011,30,Bombus bifarius,28,181,43,7812,237,-175,412,123,62,128,-71,597,70,31,21,193,118,167,134
0,Cameron et al. 2011,30,Bombus impatiens,28,181,43,7812,237,-175,412,123,62,128,-71,597,70,31,21,193,118,167,134
36,Cameron et al. 2011,15,Bombus bifarius,76,135,37,7897,288,-73,361,-20,173,177,-25,353,49,15,36,134,48,57,119
0,Cameron et al. 2011,15,Bombus impatiens,76,135,37,7897,288,-73,361,-20,173,177,-25,353,49,15,36,134,48,57,119
9,Cameron et al. 2011,30,Bombus bifarius,35,158,42,7481,239,-133,372,110,-57,133,-57,457,56,23,30,156,73,154,73
0,Cameron et al. 2011,30,Bombus impatiens,35,158,42,7481,239,-133,372,110,-57,133,-57,457,56,23,30,156,73,154,73
5,Cameron et al. 2011,30,Bombus bifarius,99,79,41,4007,208,19,189,54,150,150,49,615,93,19,49,269,71,71,239
0,Cameron et al. 2011,30,Bombus impatiens,99,79,41,4007,208,19,189,54,150,150,49,615,93,19,49,269,71,71,239
0,Cameron et al. 2011,15,Bombus bifarius,41,155,40,7729,245,-137,382,137,71,142,-55,379,53,18,27,131,68,113,86
0,Cameron et al. 2011,15,Bombus impatiens,41,155,40,7729,245,-137,382,137,71,142,-55,379,53,18,27,131,68,113,86
0,Cameron et al. 2011,30,Bombus bifarius,86,104,40,5356,240,-15,255,27,155,157,22,2130,340,25,62,985,142,145,928
0,Cameron et al. 2011,30,Bombus impatiens,86,104,40,5356,240,-15,255,27,155,157,22,2130,340,25,62,985,142,145,928
39,Cameron et al. 2011,30,Bombus bifarius,50,121,34,7783,253,-98,351,-42,145,151,-48,793,105,34,35,308,120,136,274
0,Cameron et al. 2011,30,Bombus impatiens,50,121,34,7783,253,-98,351,-42,145,151,-48,793,105,34,35,308,120,136,274
0,Cameron et al. 2011,30,Bombus bifarius,77,86,39,4687,206,-12,218,25,138,139,22,1466,248,30,62,692,112,129,641
0,Cameron et al. 2011,30,Bombus impatiens,77,86,39,4687,206,-12,218,25,138,139,22,1466,248,30,62,692,112,129,641
0,Cameron et al. 2011,30,Bombus bifarius,62,137,46,6060,216,-80,296,133,52,141,-14,644,138,18,69,333,84,310,115
0,Cameron et al. 2011,30,Bombus impatiens,62,137,46,6060,216,-80,296,133,52,141,-14,644,138,18,69,333,84,310,115
3,Cameron et al. 2011,15,Bombus bifarius,9,135,36,7837,215,-150,365,36,-83,116,-83,518,67,29,30,193,89,141,89
0,Cameron et al. 2011,15,Bombus impatiens,9,135,36,7837,215,-150,365,36,-83,116,-83,518,67,29,30,193,89,141,89
0,Cameron et al. 2011,30,Bombus bifarius,86,157,46,6256,286,-51,337,15,168,169,12,697,116,8,65,333,43,44,315
0,Cameron et al. 2011,30,Bombus impatiens,86,157,46,6256,286,-51,337,15,168,169,12,697,116,8,65,333,43,44,315
0,Cameron et al. 2011,30,Bombus bifarius,95,166,44,7492,293,-83,376,184,47,193,0,407,71,20,53,187,68,167,71
0,Cameron et al. 2011,30,Bombus impatiens,95,166,44,7492,293,-83,376,184,47,193,0,407,71,20,53,187,68,167,71
0,Cameron et al. 2011,30,Bombus bifarius,96,96,40,5025,232,-5,237,38,160,160,33,1563,223,46,47,656,164,164,591
0,Cameron et al. 2011,30,Bombus impatiens,96,96,40,5025,232,-5,237,38,160,160,33,1563,223,46,47,656,164,164,591
0,Cameron et al. 2011,30,Bombus bifarius,28,99,34,6648,195,-96,291,-47,115,115,-53,1371,227,37,58,646,134,134,592
0,Cameron et al. 2011,30,Bombus impatiens,28,99,34,6648,195,-96,291,-47,115,115,-53,1371,227,37,58,646,134,134,592
54,Cameron et al. 2011,30,Bombus bifarius,29,106,33,7341,212,-109,321,-56,124,124,-62,895,150,21,58,424,90,92,389
0,Cameron et al. 2011,30,Bombus impatiens,29,106,33,7341,212,-109,321,-56,124,124,-62,895,150,21,58,424,90,92,389
34,Cameron et al. 2011,30,Bombus bifarius,56,139,44,6006,246,-66,312,-8,135,137,-14,1178,203,14,66,576,75,75,526
0,Cameron et al. 2011,30,Bombus impatiens,56,139,44,6006,246,-66,312,-8,135,137,-14,1178,203,14,66,576,75,75,526
0,Cameron et al. 2011,30,Bombus bifarius,51,178,42,7813,284,-132,416,-36,150,154,-47,335,40,16,27,105,54,66,94
0,Cameron et al. 2011,30,Bombus impatiens,51,178,42,7813,284,-132,416,-36,150,154,-47,335,40,16,27,105,54,66,94
12,Cameron et al. 2011,60,Bombus bifarius,16,150,35,9209,248,-171,419,-89,128,134,-102,645,70,40,21,199,121,147,194
0,Cameron et al. 2011,60,Bombus impatiens,16,150,35,9209,248,-171,419,-89,128,134,-102,645,70,40,21,199,121,147,194
53,Cameron et al. 2011,20,Bombus bifarius,16,125,36,7553,210,-132,342,-66,118,118,-71,932,114,42,34,323,132,132,316
0,Cameron et al. 2011,20,Bombus impatiens,16,125,36,7553,210,-132,342,-66,118,118,-71,932,114,42,34,323,132,132,316
13,Cameron et al. 2011,15,Bombus bifarius,39,128,38,6819,237,-98,335,-38,127,128,-45,761,106,20,43,305,84,97,286
0,Cameron et al. 2011,15,Bombus impatiens,39,128,38,6819,237,-98,335,-38,127,128,-45,761,106,20,43,305,84,97,286
7,Cameron et al. 2011,50,Bombus bifarius,27,144,37,8032,243,-142,385,-58,93,133,-71,513,52,32,17,149,100,113,147
0,Cameron et al. 2011,50,Bombus impatiens,27,144,37,8032,243,-142,385,-58,93,133,-71,513,52,32,17,149,100,113,147
78,Cameron et al. 2011,60,Bombus bifarius,27,144,37,8032,243,-142,385,-58,93,133,-71,513,52,32,17,149,100,113,147
0,Cameron et al. 2011,60,Bombus impatiens,27,144,37,8032,243,-142,385,-58,93,133,-71,513,52,32,17,149,100,113,147
0,Cameron et al. 2011,15,Bombus bifarius,71,133,45,5975,222,-70,292,139,62,147,-5,625,138,14,71,329,74,306,114
0,Cameron et al. 2011,15,Bombus impatiens,71,133,45,5975,222,-70,292,139,62,147,-5,625,138,14,71,329,74,306,114
0,Cameron et al. 2011,45,Bombus bifarius,74,134,45,6050,227,-69,296,143,66,152,-2,610,135,13,72,322,71,300,111
0,Cameron et al. 2011,45,Bombus impatiens,74,134,45,6050,227,-69,296,143,66,152,-2,610,135,13,72,322,71,300,111
0,Cameron et al. 2011,15,Bombus bifarius,80,136,45,6130,234,-65,299,150,72,159,2,587,128,13,72,310,68,287,107
0,Cameron et al. 2011,15,Bombus impatiens,80,136,45,6130,234,-65,299,150,72,159,2,587,128,13,72,310,68,287,107
4,Cameron et al. 2011,30,Bombus bifarius,57,142,37,7968,270,-111,381,93,-41,163,-41,454,73,16,46,184,57,148,57
0,Cameron et al. 2011,30,Bombus impatiens,57,142,37,7968,270,-111,381,93,-41,163,-41,454,73,16,46,184,57,148,57
24,Cameron et al. 2011,30,Bombus bifarius,60,156,41,7506,279,-99,378,96,16,159,-34,394,51,24,26,129,78,105,94
0,Cameron et al. 2011,30,Bombus impatiens,60,156,41,7506,279,-99,378,96,16,159,-34,394,51,24,26,129,78,105,94
16,Cameron et al. 2011,15,Bombus bifarius,39,149,40,7437,252,-119,371,-47,132,135,-57,515,66,20,31,185,76,94,173
0,Cameron et al. 2011,15,Bombus impatiens,39,149,40,7437,252,-119,371,-47,132,135,-57,515,66,20,31,185,76,94,173
9,Cameron et al. 2011,30,Bombus bifarius,24,140,36,8149,235,-146,381,54,-74,135,-74,481,67,25,36,190,75,137,75
0,Cameron et al. 2011,30,Bombus impatiens,24,140,36,8149,235,-146,381,54,-74,135,-74,481,67,25,36,190,75,137,75
0,Cameron et al. 2011,20,Bombus bifarius,72,137,43,6064,261,-52,313,5,153,153,0,1331,225,19,64,640,93,93,584
0,Cameron et al. 2011,20,Bombus impatiens,72,137,43,6064,261,-52,313,5,153,153,0,1331,225,19,64,640,93,93,584
40,Cameron et al. 2011,60,Bombus bifarius,20,148,40,7430,217,-147,364,114,46,118,-70,498,63,23,24,158,89,138,124
0,Cameron et al. 2011,60,Bombus impatiens,20,148,40,7430,217,-147,364,114,46,118,-70,498,63,23,24,158,89,138,124
20,Cameron et al. 2011,30,Bombus bifarius,18,172,41,8397,230,-188,418,119,-90,126,-90,355,60,15,47,151,51,148,51
0,Cameron et al. 2011,30,Bombus impatiens,18,172,41,8397,230,-188,418,119,-90,126,-90,355,60,15,47,151,51,148,51
44,Cameron et al. 2011,20,Bombus bifarius,38,152,40,7682,239,-137,376,134,67,139,-57,399,55,18,27,137,70,117,93
0,Cameron et al. 2011,20,Bombus impatiens,38,152,40,7682,239,-137,376,134,67,139,-57,399,55,18,27,137,70,117,93
36,Cameron et al. 2011,30,Bombus bifarius,98,80,41,4052,209,18,191,53,150,150,48,669,102,21,49,291,78,78,258
0,Cameron et al. 2011,30,Bombus impatiens,98,80,41,4052,209,18,191,53,150,150,48,669,102,21,49,291,78,78,258
0,Cameron et al. 2011,60,Bombus bifarius,93,106,44,4873,238,-2,240,39,157,158,36,1740,279,29,62,817,125,143,757
0,Cameron et al. 2011,60,Bombus impatiens,93,106,44,4873,238,-2,240,39,157,158,36,1740,279,29,62,817,125,143,757
22,Cameron et al. 2011,40,Bombus bifarius,50,141,44,6068,242,-75,317,-15,129,131,-22,1195,206,16,67,589,79,79,540
0,Cameron et al. 2011,40,Bombus impatiens,50,141,44,6068,242,-75,317,-15,129,131,-22,1195,206,16,67,589,79,79,540
25,Cameron et al. 2011,30,Bombus bifarius,51,153,42,7225,251,-108,359,124,-36,147,-36,411,57,15,43,160,48,154,48
0,Cameron et al. 2011,30,Bombus impatiens,51,153,42,7225,251,-108,359,124,-36,147,-36,411,57,15,43,160,48,154,48
0,Cameron et al. 2011,20,Bombus bifarius,31,112,34,7333,213,-111,324,-56,125,125,-62,965,162,30,56,455,108,108,417
0,Cameron et al. 2011,20,Bombus impatiens,31,112,34,7333,213,-111,324,-56,125,125,-62,965,162,30,56,455,108,108,417
52,Cameron et al. 2011,30,Bombus bifarius,19,154,42,7272,216,-147,363,0,28,115,-69,588,61,36,18,174,122,168,124
0,Cameron et al. 2011,30,Bombus impatiens,19,154,42,7272,216,-147,363,0,28,115,-69,588,61,36,18,174,122,168,124
9,Cameron et al. 2011,25,Bombus bifarius,41,156,40,7717,245,-137,382,137,72,142,-55,380,53,18,28,132,68,113,86
0,Cameron et al. 2011,25,Bombus impatiens,41,156,40,7717,245,-137,382,137,72,142,-55,380,53,18,28,132,68,113,86
0,Cameron et al. 2011,30,Bombus bifarius,37,132,36,7812,241,-125,366,-53,131,139,-62,683,78,42,20,203,142,167,191
0,Cameron et al. 2011,30,Bombus impatiens,37,132,36,7812,241,-125,366,-53,131,139,-62,683,78,42,20,203,142,167,191
14,Cameron et al. 2011,30,Bombus bifarius,33,153,37,8912,259,-154,413,74,-78,151,-78,317,47,18,31,118,61,79,61
0,Cameron et al. 2011,30,Bombus impatiens,33,153,37,8912,259,-154,413,74,-78,151,-78,317,47,18,31,118,61,79,61
0,Cameron et al. 2011,90,Bombus bifarius,82,165,39,8874,311,-111,422,123,-27,200,-27,322,60,8,62,152,26,117,26
0,Cameron et al. 2011,90,Bombus impatiens,82,165,39,8874,311,-111,422,123,-27,200,-27,322,60,8,62,152,26,117,26
0,Cameron et al. 2011,30,Bombus bifarius,91,113,43,5217,246,-14,260,32,159,159,28,1852,287,32,57,846,155,155,778
0,Cameron et al. 2011,30,Bombus impatiens,91,113,43,5217,246,-14,260,32,159,159,28,1852,287,32,57,846,155,155,778
3,Cameron et al. 2011,30,Bombus bifarius,15,104,33,7029,189,-119,308,-65,106,106,-71,1028,166,34,52,467,123,123,429
0,Cameron et al. 2011,30,Bombus impatiens,15,104,33,7029,189,-119,308,-65,106,106,-71,1028,166,34,52,467,123,123,429
0,Cameron et al. 2011,30,Bombus bifarius,63,142,44,6111,253,-65,318,-4,144,144,-9,865,152,10,63,415,59,59,374
0,Cameron et al. 2011,30,Bombus impatiens,63,142,44,6111,253,-65,318,-4,144,144,-9,865,152,10,63,415,59,59,374
24,Cameron et al. 2011,20,Bombus bifarius,16,125,36,7553,210,-132,342,-66,118,118,-71,932,114,42,34,323,132,132,316
0,Cameron et al. 2011,20,Bombus impatiens,16,125,36,7553,210,-132,342,-66,118,118,-71,932,114,42,34,323,132,132,316
40,Cameron et al. 2011,30,Bombus bifarius,25,129,36,7677,222,-128,350,-59,128,128,-66,900,109,39,34,312,124,124,306
0,Cameron et al. 2011,30,Bombus impatiens,25,129,36,7677,222,-128,350,-59,128,128,-66,900,109,39,34,312,124,124,306
1,Cameron et al. 2011,15,Bombus bifarius,16,125,36,7553,210,-132,342,-66,118,118,-71,932,114,42,34,323,132,132,316
0,Cameron et al. 2011,15,Bombus impatiens,16,125,36,7553,210,-132,342,-66,118,118,-71,932,114,42,34,323,132,132,316
4,Cameron et al. 2011,30,Bombus bifarius,16,125,36,7553,210,-132,342,-66,118,118,-71,932,114,42,34,323,132,132,316
0,Cameron et al. 2011,30,Bombus impatiens,16,125,36,7553,210,-132,342,-66,118,118,-71,932,114,42,34,323,132,132,316
11,Cameron et al. 2011,30,Bombus bifarius,40,116,34,7487,240,-100,340,-45,135,138,-52,876,119,32,39,349,117,136,319
0,Cameron et al. 2011,30,Bombus impatiens,40,116,34,7487,240,-100,340,-45,135,138,-52,876,119,32,39,349,117,136,319
2,Cameron et al. 2011,60,Bombus bifarius,4,156,37,8835,233,-181,414,-95,74,118,-108,625,67,40,17,186,128,151,180
0,Cameron et al. 2011,60,Bombus impatiens,4,156,37,8835,233,-181,414,-95,74,118,-108,625,67,40,17,186,128,151,180
0,Cameron et al. 2011,15,Bombus bifarius,32,156,37,9097,263,-157,420,-85,142,148,-85,586,71,30,27,196,97,116,196
0,Cameron et al. 2011,15,Bombus impatiens,32,156,37,9097,263,-157,420,-85,142,148,-85,586,71,30,27,196,97,116,196
17,Cameron et al. 2011,30,Bombus bifarius,6,104,33,7125,181,-131,312,-76,97,98,-82,822,126,34,44,351,118,120,323
0,Cameron et al. 2011,30,Bombus impatiens,6,104,33,7125,181,-131,312,-76,97,98,-82,822,126,34,44,351,118,120,323
0,Cameron et al. 2011,15,Bombus bifarius,83,112,32,7978,284,-61,345,-11,183,187,-17,437,59,16,39,174,56,68,158
0,Cameron et al. 2011,15,Bombus impatiens,83,112,32,7978,284,-61,345,-11,183,187,-17,437,59,16,39,174,56,68,158
20,Cameron et al. 2011,30,Bombus bifarius,5,151,36,9008,233,-180,413,-96,115,121,-110,669,74,41,21,209,126,150,204
0,Cameron et al. 2011,30,Bombus impatiens,5,151,36,9008,233,-180,413,-96,115,121,-110,669,74,41,21,209,126,150,204
1,Cameron et al. 2011,60,Bombus bifarius,26,129,37,7600,216,-132,348,122,53,127,-65,520,63,23,23,164,88,141,132
0,Cameron et al. 2011,60,Bombus impatiens,26,129,37,7600,216,-132,348,122,53,127,-65,520,63,23,23,164,88,141,132
19,Cameron et al. 2011,40,Bombus bifarius,35,130,36,7714,226,-127,353,131,64,137,-58,477,59,21,25,154,80,132,118
0,Cameron et al. 2011,40,Bombus impatiens,35,130,36,7714,226,-127,353,131,64,137,-58,477,59,21,25,154,80,132,118
21,Cameron et al. 2011,60,Bombus bifarius,51,133,36,8025,248,-118,366,151,83,157,-47,397,52,18,26,134,68,114,92
0,Cameron et al. 2011,60,Bombus impatiens,51,133,36,8025,248,-118,366,151,83,157,-47,397,52,18,26,134,68,114,92
36,Cameron et al. 2011,40,Bombus bifarius,51,133,36,8025,248,-118,366,151,83,157,-47,397,52,18,26,134,68,114,92
0,Cameron et al. 2011,40,Bombus impatiens,51,133,36,8025,248,-118,366,151,83,157,-47,397,52,18,26,134,68,114,92
12,Cameron et al. 2011,65,Bombus bifarius,35,130,36,7714,226,-127,353,131,64,137,-58,477,59,21,25,154,80,132,118
0,Cameron et al. 2011,65,Bombus impatiens,35,130,36,7714,226,-127,353,131,64,137,-58,477,59,21,25,154,80,132,118
0,Cameron et al. 2011,10,Bombus bifarius,52,132,38,6942,254,-87,341,-26,141,143,-34,733,105,19,43,295,79,94,278
0,Cameron et al. 2011,10,Bombus impatiens,52,132,38,6942,254,-87,341,-26,141,143,-34,733,105,19,43,295,79,94,278
6,Cameron et al. 2011,30,Bombus bifarius,31,151,40,7474,244,-130,374,-45,129,131,-57,512,55,25,24,155,82,95,151
0,Cameron et al. 2011,30,Bombus impatiens,31,151,40,7474,244,-130,374,-45,129,131,-57,512,55,25,24,155,82,95,151
131,Cameron et al. 2011,60,Bombus bifarius,31,151,40,7474,244,-130,374,-45,129,131,-57,512,55,25,24,155,82,95,151
0,Cameron et al. 2011,60,Bombus impatiens,31,151,40,7474,244,-130,374,-45,129,131,-57,512,55,25,24,155,82,95,151
47,Cameron et al. 2011,70,Bombus bifarius,31,151,40,7474,244,-130,374,-45,129,131,-57,512,55,25,24,155,82,95,151
0,Cameron et al. 2011,70,Bombus impatiens,31,151,40,7474,244,-130,374,-45,129,131,-57,512,55,25,24,155,82,95,151
25,Cameron et al. 2011,60,Bombus bifarius,9,146,40,7187,216,-144,360,-60,105,106,-73,591,63,32,21,178,103,114,175
0,Cameron et al. 2011,60,Bombus impatiens,9,146,40,7187,216,-144,360,-60,105,106,-73,591,63,32,21,178,103,114,175
5,Cameron et al. 2011,30,Bombus bifarius,16,148,40,7280,224,-141,365,-56,112,113,-69,563,60,30,22,171,96,107,167
0,Cameron et al. 2011,30,Bombus impatiens,16,148,40,7280,224,-141,365,-56,112,113,-69,563,60,30,22,171,96,107,167
0,Cameron et al. 2011,30,Bombus bifarius,97,80,41,4024,207,15,192,52,148,148,47,603,86,21,45,256,76,76,229
0,Cameron et al. 2011,30,Bombus impatiens,97,80,41,4024,207,15,192,52,148,148,47,603,86,21,45,256,76,76,229
29,Cameron et al. 2011,30,Bombus bifarius,48,126,34,7879,254,-108,362,-43,143,151,-52,726,81,42,22,234,141,164,216
0,Cameron et al. 2011,30,Bombus impatiens,48,126,34,7879,254,-108,362,-43,143,151,-52,726,81,42,22,234,141,164,216
25,Cameron et al. 2011,120,Bombus bifarius,52,129,34,8564,259,-118,377,88,-52,167,-52,567,91,20,50,245,69,206,69
0,Cameron et al. 2011,120,Bombus impatiens,52,129,34,8564,259,-118,377,88,-52,167,-52,567,91,20,50,245,69,206,69
0,Cameron et al. 2011,30,Bombus bifarius,69,96,37,5646,220,-36,256,5,143,143,1,2060,313,46,54,918,188,203,843
0,Cameron et al. 2011,30,Bombus impatiens,69,96,37,5646,220,-36,256,5,143,143,1,2060,313,46,54,918,188,203,843
2,Cameron et al. 2011,30,Bombus bifarius,65,135,48,5195,236,-45,281,11,134,135,6,1181,207,10,70,587,59,69,539
0,Cameron et al. 2011,30,Bombus impatiens,65,135,48,5195,236,-45,281,11,134,135,6,1181,207,10,70,587,59,69,539
0,Cameron et al. 2011,60,Bombus bifarius,65,135,48,5195,236,-45,281,11,134,135,6,1181,207,10,70,587,59,69,539
0,Cameron et al. 2011,60,Bombus impatiens,65,135,48,5195,236,-45,281,11,134,135,6,1181,207,10,70,587,59,69,539
5,Cameron et al. 2011,30,Bombus bifarius,28,168,42,7492,252,-144,396,-51,125,127,-63,445,51,22,25,145,72,85,135
0,Cameron et al. 2011,30,Bombus impatiens,28,168,42,7492,252,-144,396,-51,125,127,-63,445,51,22,25,145,72,85,135
12,Cameron et al. 2011,30,Bombus bifarius,18,164,42,7395,238,-150,388,-58,114,116,-71,490,57,24,26,162,79,93,152
0,Cameron et al. 2011,30,Bombus impatiens,18,164,42,7395,238,-150,388,-58,114,116,-71,490,57,24,26,162,79,93,152
0,Cameron et al. 2011,30,Bombus bifarius,84,148,46,6429,249,-70,319,159,76,168,3,529,113,15,70,280,68,261,88
0,Cameron et al. 2011,30,Bombus impatiens,84,148,46,6429,249,-70,319,159,76,168,3,529,113,15,70,280,68,261,88
17,Cameron et al. 2011,30,Bombus bifarius,55,139,43,6278,246,-75,321,-13,138,138,-19,807,140,11,63,386,58,58,350
0,Cameron et al. 2011,30,Bombus impatiens,55,139,43,6278,246,-75,321,-13,138,138,-19,807,140,11,63,386,58,58,350
58,Cameron et al. 2011,60,Bombus bifarius,55,139,43,6278,246,-75,321,-13,138,138,-19,807,140,11,63,386,58,58,350
0,Cameron et al. 2011,60,Bombus impatiens,55,139,43,6278,246,-75,321,-13,138,138,-19,807,140,11,63,386,58,58,350
0,Cameron et al. 2011,30,Bombus bifarius,112,149,48,5631,304,-3,307,48,187,187,46,1295,239,7,79,683,41,41,634
0,Cameron et al. 2011,30,Bombus impatiens,112,149,48,5631,304,-3,307,48,187,187,46,1295,239,7,79,683,41,41,634
12,Cameron et al. 2011,80,Bombus bifarius,77,153,42,7104,287,-74,361,-3,169,171,-10,396,53,10,41,152,40,52,145
0,Cameron et al. 2011,80,Bombus impatiens,77,153,42,7104,287,-74,361,-3,169,171,-10,396,53,10,41,152,40,52,145
4,Cameron et al. 2011,30,Bombus bifarius,41,126,37,6843,238,-95,333,-35,130,130,-43,778,112,19,45,318,82,96,299
0,Cameron et al. 2011,30,Bombus impatiens,41,126,37,6843,238,-95,333,-35,130,130,-43,778,112,19,45,318,82,96,299
30,Cameron et al. 2011,30,Bombus bifarius,40,127,37,6860,238,-97,335,-37,129,130,-44,773,111,20,44,315,83,97,296
0,Cameron et al. 2011,30,Bombus impatiens,40,127,37,6860,238,-97,335,-37,129,130,-44,773,111,20,44,315,83,97,296
0,Cameron et al. 2011,50,Bombus bifarius,98,178,48,6523,311,-57,368,21,183,183,17,646,103,4,63,288,38,38,284
0,Cameron et al. 2011,50,Bombus impatiens,98,178,48,6523,311,-57,368,21,183,183,17,646,103,4,63,288,38,38,284
48,Cameron et al. 2011,30,Bombus bifarius,61,145,44,6194,258,-67,325,-7,143,143,-13,1135,196,16,66,559,78,78,509
0,Cameron et al. 2011,30,Bombus impatiens,61,145,44,6194,258,-67,325,-7,143,143,-13,1135,196,16,66,559,78,78,509
0,Cameron et al. 2011,10,Bombus bifarius,100,102,42,5004,243,2,241,43,165,165,39,1643,279,27,65,783,109,109,728
0,Cameron et al. 2011,10,Bombus impatiens,100,102,42,5004,243,2,241,43,165,165,39,1643,279,27,65,783,109,109,728
32,Cameron et al. 2011,30,Bombus bifarius,94,76,40,4123,203,14,189,49,147,147,43,695,108,20,55,319,72,79,287
0,Cameron et al. 2011,30,Bombus impatiens,94,76,40,4123,203,14,189,49,147,147,43,695,108,20,55,319,72,79,287
0,Cameron et al. 2011,15,Bombus bifarius,-12,131,37,7441,187,-160,347,11,-97,90,-97,622,74,38,25,218,118,163,118
0,Cameron et al. 2011,15,Bombus impatiens,-12,131,37,7441,187,-160,347,11,-97,90,-97,622,74,38,25,218,118,163,118
49,Cameron et al. 2011,30,Bombus bifarius,39,147,39,7581,256,-116,372,72,-10,139,-55,445,55,28,23,141,92,117,109
0,Cameron et al. 2011,30,Bombus impatiens,39,147,39,7581,256,-116,372,72,-10,139,-55,445,55,28,23,141,92,117,109
0,Cameron et al. 2011,30,Bombus bifarius,103,111,44,4965,251,2,249,47,168,168,43,1322,214,22,63,632,93,93,582
0,Cameron et al. 2011,30,Bombus impatiens,103,111,44,4965,251,2,249,47,168,168,43,1322,214,22,63,632,93,93,582
27,Cameron et al. 2011,30,Bombus bifarius,11,166,42,7673,233,-161,394,45,-72,111,-86,441,56,25,24,145,91,127,95
0,Cameron et al. 2011,30,Bombus impatiens,11,166,42,7673,233,-161,394,45,-72,111,-86,441,56,25,24,145,91,127,95
36,Cameron et al. 2011,15,Bombus bifarius,38,124,34,8188,238,-124,362,-61,138,141,-68,444,65,21,36,176,70,80,162
0,Cameron et al. 2011,15,Bombus impatiens,38,124,34,8188,238,-124,362,-61,138,141,-68,444,65,21,36,176,70,80,162
15,Cameron et al. 2011,30,Bombus bifarius,52,139,37,7791,266,-103,369,-42,146,153,-47,591,71,31,26,202,106,126,190
0,Cameron et al. 2011,30,Bombus impatiens,52,139,37,7791,266,-103,369,-42,146,153,-47,591,71,31,26,202,106,126,190
0,Cameron et al. 2011,30,Bombus bifarius,96,167,44,7472,293,-81,374,185,87,194,1,404,72,20,54,189,65,168,71
0,Cameron et al. 2011,30,Bombus impatiens,96,167,44,7472,293,-81,374,185,87,194,1,404,72,20,54,189,65,168,71
6,Cameron et al. 2011,30,Bombus bifarius,60,166,42,7778,265,-124,389,163,-36,163,-36,460,79,10,59,209,40,209,40
0,Cameron et al. 2011,30,Bombus impatiens,60,166,42,7778,265,-124,389,163,-36,163,-36,460,79,10,59,209,40,209,40
10,Cameron et al. 2011,30,Bombus bifarius,19,158,41,7396,237,-144,381,-62,111,115,-73,720,94,25,33,259,99,117,250
0,Cameron et al. 2011,30,Bombus impatiens,19,158,41,7396,237,-144,381,-62,111,115,-73,720,94,25,33,259,99,117,250
0,Cameron et al. 2011,30,Bombus bifarius,72,137,43,6064,261,-52,313,5,153,153,0,1331,225,19,64,640,93,93,584
0,Cameron et al. 2011,30,Bombus impatiens,72,137,43,6064,261,-52,313,5,153,153,0,1331,225,19,64,640,93,93,584
42,Cameron et al. 2011,120,Bombus bifarius,33,143,39,7718,238,-121,359,111,-59,136,-59,427,46,23,21,136,79,129,79
0,Cameron et al. 2011,120,Bombus impatiens,33,143,39,7718,238,-121,359,111,-59,136,-59,427,46,23,21,136,79,129,79
11,Cameron et al. 2011,30,Bombus bifarius,-8,134,38,7502,193,-158,351,17,-94,95,-94,607,73,36,26,214,114,160,114
0,Cameron et al. 2011,30,Bombus impatiens,-8,134,38,7502,193,-158,351,17,-94,95,-94,607,73,36,26,214,114,160,114
16,Cameron et al. 2011,30,Bombus bifarius,35,147,38,8099,251,-134,385,115,-66,141,-66,526,70,26,29,184,95,157,95
0,Cameron et al. 2011,30,Bombus impatiens,35,147,38,8099,251,-134,385,115,-66,141,-66,526,70,26,29,184,95,157,95
2,Cameron et al. 2011,30,Bombus bifarius,24,149,38,8129,242,-147,389,105,-77,131,-77,560,70,31,24,187,111,163,111
0,Cameron et al. 2011,30,Bombus impatiens,24,149,38,8129,242,-147,389,105,-77,131,-77,560,70,31,24,187,111,163,111
24,Cameron et al. 2011,30,Bombus bifarius,45,96,37,5597,199,-58,257,-13,119,121,-19,1990,325,27,61,923,145,152,871
0,Cameron et al. 2011,30,Bombus impatiens,45,96,37,5597,199,-58,257,-13,119,121,-19,1990,325,27,61,923,145,152,871
1,Cameron et al. 2011,30,Bombus bifarius,2,137,37,7721,207,-155,362,29,-89,107,-89,557,67,33,27,200,102,145,102
0,Cameron et al. 2011,30,Bombus impatiens,2,137,37,7721,207,-155,362,29,-89,107,-89,557,67,33,27,200,102,145,102
0,Cameron et al. 2011,15,Bombus bifarius,100,95,47,3832,209,11,198,58,147,150,53,2482,396,41,62,1146,168,187,1072
0,Cameron et al. 2011,15,Bombus impatiens,100,95,47,3832,209,11,198,58,147,150,53,2482,396,41,62,1146,168,187,1072
1,Cameron et al. 2011,120,Bombus bifarius,22,155,42,7263,219,-143,362,94,-66,118,-66,570,61,35,20,170,115,168,115
0,Cameron et al. 2011,120,Bombus impatiens,22,155,42,7263,219,-143,362,94,-66,118,-66,570,61,35,20,170,115,168,115
7,Cameron et al. 2011,30,Bombus bifarius,43,169,42,7904,248,-151,399,145,-59,145,-59,439,75,14,51,187,52,187,52
0,Cameron et al. 2011,30,Bombus impatiens,43,169,42,7904,248,-151,399,145,-59,145,-59,439,75,14,51,187,52,187,52
10,Cameron et al. 2011,90,Bombus bifarius,70,184,45,7634,284,-122,406,148,-23,172,-23,439,61,11,46,170,44,167,44
0,Cameron et al. 2011,90,Bombus impatiens,70,184,45,7634,284,-122,406,148,-23,172,-23,439,61,11,46,170,44,167,44
36,Cameron et al. 2011,60,Bombus bifarius,58,147,36,8365,280,-118,398,90,125,168,-47,361,44,24,18,111,76,94,88
0,Cameron et al. 2011,60,Bombus impatiens,58,147,36,8365,280,-118,398,90,125,168,-47,361,44,24,18,111,76,94,88
0,Cameron et al. 2011,30,Bombus bifarius,28,181,43,7812,237,-175,412,123,62,128,-71,597,70,31,21,193,118,167,134
0,Cameron et al. 2011,30,Bombus impatiens,28,181,43,7812,237,-175,412,123,62,128,-71,597,70,31,21,193,118,167,134
3,Cameron et al. 2011,30,Bombus bifarius,49,178,43,7511,280,-126,406,-34,144,148,-44,362,41,16,27,118,55,67,107
0,Cameron et al. 2011,30,Bombus impatiens,49,178,43,7511,280,-126,406,-34,144,148,-44,362,41,16,27,118,55,67,107
25,Cameron et al. 2011,16,Bombus bifarius,25,129,36,7677,222,-128,350,-59,128,128,-66,900,109,39,34,312,124,124,306
0,Cameron et al. 2011,16,Bombus impatiens,25,129,36,7677,222,-128,350,-59,128,128,-66,900,109,39,34,312,124,124,306
13,Cameron et al. 2011,30,Bombus bifarius,46,176,44,7665,255,-143,398,148,-49,148,-49,456,76,10,55,201,41,201,41
0,Cameron et al. 2011,30,Bombus impatiens,46,176,44,7665,255,-143,398,148,-49,148,-49,456,76,10,55,201,41,201,41
6,Cameron et al. 2011,25,Bombus bifarius,58,160,40,7909,267,-125,392,156,92,162,-41,308,47,14,32,114,54,96,66
0,Cameron et al. 2011,25,Bombus impatiens,58,160,40,7909,267,-125,392,156,92,162,-41,308,47,14,32,114,54,96,66
14,Cameron et al. 2011,30,Bombus bifarius,45,138,44,6049,234,-77,311,-18,127,127,-25,1113,189,15,65,538,73,73,495
0,Cameron et al. 2011,30,Bombus impatiens,45,138,44,6049,234,-77,311,-18,127,127,-25,1113,189,15,65,538,73,73,495
44,Cameron et al. 2011,30,Bombus bifarius,18,161,41,7834,239,-153,392,96,-67,120,-81,381,55,17,34,138,65,124,66
0,Cameron et al. 2011,30,Bombus impatiens,18,161,41,7834,239,-153,392,96,-67,120,-81,381,55,17,34,138,65,124,66
2,Cameron et al. 2011,25,Bombus bifarius,41,156,40,7717,245,-137,382,137,72,142,-55,380,53,18,28,132,68,113,86
0,Cameron et al. 2011,25,Bombus impatiens,41,156,40,7717,245,-137,382,137,72,142,-55,380,53,18,28,132,68,113,86
24,Cameron et al. 2011,30,Bombus bifarius,11,136,36,7881,218,-150,368,38,-81,119,-81,511,67,29,31,191,88,139,88
0,Cameron et al. 2011,30,Bombus impatiens,11,136,36,7881,218,-150,368,38,-81,119,-81,511,67,29,31,191,88,139,88
4,Cameron et al. 2011,30,Bombus bifarius,60,159,40,7914,283,-112,395,43,161,165,-38,421,46,17,29,136,58,74,122
0,Cameron et al. 2011,30,Bombus impatiens,60,159,40,7914,283,-112,395,43,161,165,-38,421,46,17,29,136,58,74,122
22,Cameron et al. 2011,30,Bombus bifarius,48,150,38,8056,264,-122,386,-40,154,154,-52,659,70,32,26,208,102,102,207
0,Cameron et al. 2011,30,Bombus impatiens,48,150,38,8056,264,-122,386,-40,154,154,-52,659,70,32,26,208,102,102,207
0,Cameron et al. 2011,30,Bombus bifarius,84,122,37,6959,280,-49,329,2,172,175,-3,535,70,18,37,204,67,79,188
0,Cameron et al. 2011,30,Bombus impatiens,84,122,37,6959,280,-49,329,2,172,175,-3,535,70,18,37,204,67,79,188
0,Cameron et al. 2011,30,Bombus bifarius,65,93,38,5325,210,-33,243,6,134,135,2,2155,321,47,52,942,206,216,866
0,Cameron et al. 2011,30,Bombus impatiens,65,93,38,5325,210,-33,243,6,134,135,2,2155,321,47,52,942,206,216,866
5,Cameron et al. 2011,30,Bombus bifarius,15,106,33,7136,192,-122,314,-67,107,107,-73,964,157,32,52,439,117,117,403
0,Cameron et al. 2011,30,Bombus impatiens,15,106,33,7136,192,-122,314,-67,107,107,-73,964,157,32,52,439,117,117,403
28,Cameron et al. 2011,120,Bombus bifarius,44,151,40,7572,259,-116,375,-44,138,142,-53,485,61,19,30,171,72,91,160
0,Cameron et al. 2011,120,Bombus impatiens,44,151,40,7572,259,-116,375,-44,138,142,-53,485,61,19,30,171,72,91,160
2,Cameron et al. 2011,30,Bombus bifarius,-6,159,38,8612,218,-191,409,-100,64,106,-114,628,71,40,17,192,129,146,187
0,Cameron et al. 2011,30,Bombus impatiens,-6,159,38,8612,218,-191,409,-100,64,106,-114,628,71,40,17,192,129,146,187
0,Cameron et al. 2011,30,Bombus bifarius,80,146,46,6364,243,-72,315,154,71,163,0,550,118,15,71,290,70,269,94
0,Cameron et al. 2011,30,Bombus impatiens,80,146,46,6364,243,-72,315,154,71,163,0,550,118,15,71,290,70,269,94
46,Cameron et al. 2011,90,Bombus bifarius,45,177,44,7644,255,-145,400,146,-49,146,-49,450,74,10,55,196,41,196,41
0,Cameron et al. 2011,90,Bombus impatiens,45,177,44,7644,255,-145,400,146,-49,146,-49,450,74,10,55,196,41,196,41
0,Cameron et al. 2011,30,Bombus bifarius,9,146,40,7187,216,-144,360,-60,105,106,-73,591,63,32,21,178,103,114,175
0,Cameron et al. 2011,30,Bombus impatiens,9,146,40,7187,216,-144,360,-60,105,106,-73,591,63,32,21,178,103,114,175
1,Cameron et al. 2011,30,Bombus bifarius,2,131,38,7491,198,-141,339,-21,-85,102,-85,568,57,37,13,165,122,153,122
0,Cameron et al. 2011,30,Bombus impatiens,2,131,38,7491,198,-141,339,-21,-85,102,-85,568,57,37,13,165,122,153,122
0,Cameron et al. 2011,15,Bombus bifarius,64,174,48,6656,248,-108,356,144,95,151,-19,484,99,14,69,259,55,220,82
0,Cameron et al. 2011,15,Bombus impatiens,64,174,48,6656,248,-108,356,144,95,151,-19,484,99,14,69,259,55,220,82
7,Cameron et al. 2011,30,Bombus bifarius,40,145,36,8214,260,-132,392,70,107,149,-61,451,49,29,15,127,91,105,122
0,Cameron et al. 2011,30,Bombus impatiens,40,145,36,8214,260,-132,392,70,107,149,-61,451,49,29,15,127,91,105,122
0,Cameron et al. 2011,30,Bombus bifarius,102,112,43,5023,253,-2,255,44,167,167,40,1481,236,26,58,686,127,130,620
0,Cameron et al. 2011,30,Bombus impatiens,102,112,43,5023,253,-2,255,44,167,167,40,1481,236,26,58,686,127,130,620
17,Cameron et al. 2011,30,Bombus bifarius,17,136,38,7474,216,-139,355,89,-73,116,-73,608,91,28,38,232,103,196,103
0,Cameron et al. 2011,30,Bombus impatiens,17,136,38,7474,216,-139,355,89,-73,116,-73,608,91,28,38,232,103,196,103
4,Cameron et al. 2011,20,Bombus bifarius,24,115,34,7575,212,-124,336,-65,121,121,-72,762,125,29,51,345,102,102,317
0,Cameron et al. 2011,20,Bombus impatiens,24,115,34,7575,212,-124,336,-65,121,121,-72,762,125,29,51,345,102,102,317
5,Cameron et al. 2011,30,Bombus bifarius,25,152,37,8729,248,-157,405,64,-28,141,-82,339,47,20,26,120,68,85,70
0,Cameron et al. 2011,30,Bombus impatiens,25,152,37,8729,248,-157,405,64,-28,141,-82,339,47,20,26,120,68,85,70
0,Cameron et al. 2011,20,Bombus bifarius,55,95,37,5481,205,-46,251,-3,127,129,-8,2146,351,27,61,996,149,157,943
0,Cameron et al. 2011,20,Bombus impatiens,55,95,37,5481,205,-46,251,-3,127,129,-8,2146,351,27,61,996,149,157,943
0,Cameron et al. 2011,25,Bombus bifarius,91,99,41,4926,233,-3,236,36,156,156,32,2185,364,36,64,1031,143,169,967
0,Cameron et al. 2011,25,Bombus impatiens,91,99,41,4926,233,-3,236,36,156,156,32,2185,364,36,64,1031,143,169,967
0,Cameron et al. 2011,30,Bombus bifarius,92,100,42,4930,233,-3,236,36,156,156,33,2152,360,36,64,1016,142,142,953
0,Cameron et al. 2011,30,Bombus impatiens,92,100,42,4930,233,-3,236,36,156,156,33,2152,360,36,64,1016,142,142,953
0,Cameron et al. 2011,15,Bombus bifarius,83,123,37,6908,278,-50,328,1,170,172,-4,539,72,18,38,207,67,79,192
0,Cameron et al. 2011,15,Bombus impatiens,83,123,37,6908,278,-50,328,1,170,172,-4,539,72,18,38,207,67,79,192
0,Cameron et al. 2011,30,Bombus bifarius,83,123,37,6908,278,-50,328,1,170,172,-4,539,72,18,38,207,67,79,192
0,Cameron et al. 2011,30,Bombus impatiens,83,123,37,6908,278,-50,328,1,170,172,-4,539,72,18,38,207,67,79,192
24,Cameron et al. 2011,30,Bombus bifarius,12,135,39,7534,211,-134,345,87,-76,112,-76,513,54,31,17,156,102,147,102
0,Cameron et al. 2011,30,Bombus impatiens,12,135,39,7534,211,-134,345,87,-76,112,-76,513,54,31,17,156,102,147,102
19,Cameron et al. 2011,35,Bombus bifarius,36,152,36,8785,253,-162,415,-63,75,148,-79,420,39,26,11,115,89,97,114
0,Cameron et al. 2011,35,Bombus impatiens,36,152,36,8785,253,-162,415,-63,75,148,-79,420,39,26,11,115,89,97,114
24,Cameron et al. 2011,30,Bombus bifarius,10,133,36,7871,216,-147,363,38,-81,118,-81,526,69,29,32,199,88,147,88
0,Cameron et al. 2011,30,Bombus impatiens,10,133,36,7871,216,-147,363,38,-81,118,-81,526,69,29,32,199,88,147,88
3,Cameron et al. 2011,30,Bombus bifarius,6,128,36,7895,206,-148,354,-20,111,111,-86,510,51,37,8,140,121,121,127
0,Cameron et al. 2011,30,Bombus impatiens,6,128,36,7895,206,-148,354,-20,111,111,-86,510,51,37,8,140,121,121,127
2,Cameron et al. 2011,20,Bombus bifarius,35,86,32,6304,190,-76,266,-36,117,118,-40,1918,325,34,63,933,151,164,861
0,Cameron et al. 2011,20,Bombus impatiens,35,86,32,6304,190,-76,266,-36,117,118,-40,1918,325,34,63,933,151,164,861
29,Cameron et al. 2011,30,Bombus bifarius,27,185,42,8387,244,-190,434,128,66,133,-82,482,58,27,21,160,99,140,104
0,Cameron et al. 2011,30,Bombus impatiens,27,185,42,8387,244,-190,434,128,66,133,-82,482,58,27,21,160,99,140,104
0,Cameron et al. 2011,30,Bombus bifarius,61,172,36,9746,306,-167,473,111,-66,188,-66,308,51,12,46,132,41,86,41
0,Cameron et al. 2011,30,Bombus impatiens,61,172,36,9746,306,-167,473,111,-66,188,-66,308,51,12,46,132,41,86,41
56,Cameron et al. 2011,20,Bombus bifarius,20,148,40,7430,217,-147,364,114,46,118,-70,498,63,23,24,158,89,138,124
0,Cameron et al. 2011,20,Bombus impatiens,20,148,40,7430,217,-147,364,114,46,118,-70,498,63,23,24,158,89,138,124
0,Cameron et al. 2011,30,Bombus bifarius,73,157,35,9843,311,-133,444,173,-53,202,-53,348,64,7,63,170,28,141,28
0,Cameron et al. 2011,30,Bombus impatiens,73,157,35,9843,311,-133,444,173,-53,202,-53,348,64,7,63,170,28,141,28
0,Cameron et al. 2011,30,Bombus bifarius,85,105,46,4375,220,-7,227,38,141,144,34,2363,401,30,67,1144,139,156,1068
0,Cameron et al. 2011,30,Bombus impatiens,85,105,46,4375,220,-7,227,38,141,144,34,2363,401,30,67,1144,139,156,1068
13,Cameron et al. 2011,30,Bombus bifarius,32,148,36,8641,246,-160,406,-65,69,143,-79,451,42,27,11,125,95,102,124
0,Cameron et al. 2011,30,Bombus impatiens,32,148,36,8641,246,-160,406,-65,69,143,-79,451,42,27,11,125,95,102,124
63,Cameron et al. 2011,30,Bombus bifarius,12,142,37,8036,224,-151,375,-71,114,118,-85,581,59,33,17,172,112,113,170
0,Cameron et al. 2011,30,Bombus impatiens,12,142,37,8036,224,-151,375,-71,114,118,-85,581,59,33,17,172,112,113,170
16,Cameron et al. 2011,60,Bombus bifarius,12,142,37,8036,224,-151,375,-71,114,118,-85,581,59,33,17,172,112,113,170
0,Cameron et al. 2011,60,Bombus impatiens,12,142,37,8036,224,-151,375,-71,114,118,-85,581,59,33,17,172,112,113,170
0,Cameron et al. 2011,40,Bombus bifarius,114,172,49,6376,326,-24,350,41,197,197,37,986,178,5,78,509,35,35,492
0,Cameron et al. 2011,40,Bombus impatiens,114,172,49,6376,326,-24,350,41,197,197,37,986,178,5,78,509,35,35,492
10,Cameron et al. 2011,64,Bombus bifarius,42,168,42,7672,252,-139,391,138,72,142,-54,400,54,17,26,133,69,113,98
0,Cameron et al. 2011,64,Bombus impatiens,42,168,42,7672,252,-139,391,138,72,142,-54,400,54,17,26,133,69,113,98
11,Cameron et al. 2011,30,Bombus bifarius,93,80,41,4162,206,11,195,47,147,147,42,764,115,23,50,334,86,86,298
0,Cameron et al. 2011,30,Bombus impatiens,93,80,41,4162,206,11,195,47,147,147,42,764,115,23,50,334,86,86,298
4,Cameron et al. 2011,60,Bombus bifarius,66,155,39,8175,283,-105,388,149,-35,175,-35,346,62,10,56,157,33,125,33
0,Cameron et al. 2011,60,Bombus impatiens,66,155,39,8175,283,-105,388,149,-35,175,-35,346,62,10,56,157,33,125,33
4,Cameron et al. 2011,30,Bombus bifarius,37,158,44,6824,224,-131,355,120,68,126,-48,667,102,36,37,255,111,235,148
0,Cameron et al. 2011,30,Bombus impatiens,37,158,44,6824,224,-131,355,120,68,126,-48,667,102,36,37,255,111,235,148
0,Cameron et al. 2011,15,Bombus bifarius,42,160,44,6977,231,-131,362,126,73,132,-47,634,98,35,37,242,107,223,139
0,Cameron et al. 2011,15,Bombus impatiens,42,160,44,6977,231,-131,362,126,73,132,-47,634,98,35,37,242,107,223,139
4,Cameron et al. 2011,15,Bombus bifarius,42,160,44,6977,231,-131,362,126,73,132,-47,634,98,35,37,242,107,223,139
0,Cameron et al. 2011,15,Bombus impatiens,42,160,44,6977,231,-131,362,126,73,132,-47,634,98,35,37,242,107,223,139
9,Cameron et al. 2011,15,Bombus bifarius,42,159,44,6950,230,-129,359,126,74,132,-46,637,99,35,37,245,108,227,138
0,Cameron et al. 2011,15,Bombus impatiens,42,159,44,6950,230,-129,359,126,74,132,-46,637,99,35,37,245,108,227,138
4,Cameron et al. 2011,45,Bombus bifarius,43,146,40,7090,252,-108,360,-39,132,134,-47,572,66,22,27,191,85,104,178
0,Cameron et al. 2011,45,Bombus impatiens,43,146,40,7090,252,-108,360,-39,132,134,-47,572,66,22,27,191,85,104,178
15,Cameron et al. 2011,50,Bombus bifarius,43,146,40,7090,252,-108,360,-39,132,134,-47,572,66,22,27,191,85,104,178
0,Cameron et al. 2011,50,Bombus impatiens,43,146,40,7090,252,-108,360,-39,132,134,-47,572,66,22,27,191,85,104,178
0,Cameron et al. 2011,30,Bombus bifarius,27,146,40,7176,235,-127,362,-55,117,119,-64,602,73,23,29,209,89,109,196
0,Cameron et al. 2011,30,Bombus impatiens,27,146,40,7176,235,-127,362,-55,117,119,-64,602,73,23,29,209,89,109,196
0,Cameron et al. 2011,15,Bombus bifarius,72,133,45,5958,223,-69,292,139,63,148,-4,617,136,13,71,326,72,303,111
0,Cameron et al. 2011,15,Bombus impatiens,72,133,45,5958,223,-69,292,139,63,148,-4,617,136,13,71,326,72,303,111
0,Cameron et al. 2011,25,Bombus bifarius,41,80,37,4670,168,-43,211,-5,102,106,-9,2400,390,51,59,1099,189,213,1029
0,Cameron et al. 2011,25,Bombus impatiens,41,80,37,4670,168,-43,211,-5,102,106,-9,2400,390,51,59,1099,189,213,1029
0,Cameron et al. 2011,24,Bombus bifarius,109,131,38,7290,312,-30,342,22,200,205,18,397,50,14,33,144,52,63,132
0,Cameron et al. 2011,24,Bombus impatiens,109,131,38,7290,312,-30,342,22,200,205,18,397,50,14,33,144,52,63,132
0,Cameron et al. 2011,30,Bombus bifarius,91,85,40,4393,211,2,209,41,148,148,38,851,145,18,62,411,70,70,372
0,Cameron et al. 2011,30,Bombus impatiens,91,85,40,4393,211,2,209,41,148,148,38,851,145,18,62,411,70,70,372
0,Cameron et al. 2011,30,Bombus bifarius,97,80,41,4024,207,15,192,52,148,148,47,603,86,21,45,256,76,76,229
0,Cameron et al. 2011,30,Bombus impatiens,97,80,41,4024,207,15,192,52,148,148,47,603,86,21,45,256,76,76,229
0,Cameron et al. 2011,30,Bombus bifarius,98,178,48,6523,311,-57,368,21,183,183,17,646,103,4,63,288,38,38,284
0,Cameron et al. 2011,30,Bombus impatiens,98,178,48,6523,311,-57,368,21,183,183,17,646,103,4,63,288,38,38,284
25,Cameron et al. 2011,30,Bombus bifarius,94,76,40,4123,203,14,189,49,147,147,43,695,108,20,55,319,72,79,287
0,Cameron et al. 2011,30,Bombus impatiens,94,76,40,4123,203,14,189,49,147,147,43,695,108,20,55,319,72,79,287
33,Cameron et al. 2011,30,Bombus bifarius,35,88,34,5931,186,-72,258,-29,112,115,-34,2052,336,33,62,979,153,167,911
0,Cameron et al. 2011,30,Bombus impatiens,35,88,34,5931,186,-72,258,-29,112,115,-34,2052,336,33,62,979,153,167,911
0,Cameron et al. 2011,30,Bombus bifarius,-17,130,38,7387,171,-166,337,-40,-7,81,-104,736,77,45,15,219,154,192,171
0,Cameron et al. 2011,30,Bombus impatiens,-17,130,38,7387,171,-166,337,-40,-7,81,-104,736,77,45,15,219,154,192,171
0,Tonietto et al. 2011,1,Bombus impatiens,99,98,25,9851,287,-92,379,222,-33,222,-33,918,100,38,27,297,146,297,146
0,Tonietto et al. 2011,1,Bombus impatiens,99,98,25,9855,286,-92,378,221,-33,221,-33,913,100,38,26,296,145,296,145
1,Tonietto et al. 2011,1,Bombus impatiens,101,99,25,9912,290,-91,381,224,-32,224,-32,931,100,38,26,298,148,298,148
0,Tonietto et al. 2011,1,Bombus impatiens,93,99,26,9812,281,-98,379,215,-38,215,-38,902,101,36,27,295,141,295,141
0,Tonietto et al. 2011,1,Bombus impatiens,96,98,26,9762,282,-94,376,217,-35,217,-35,902,100,37,27,293,143,293,143
0,Tonietto et al. 2011,1,Bombus impatiens,99,98,25,9851,287,-92,379,222,-33,222,-33,918,100,38,27,297,146,297,146
0,Tonietto et al. 2011,1,Bombus impatiens,99,98,25,9855,286,-92,378,221,-33,221,-33,913,100,38,26,296,145,296,145
0,Tonietto et al. 2011,1,Bombus impatiens,99,99,26,9881,287,-92,379,222,-33,222,-33,917,101,37,27,298,145,298,145
3,Tonietto et al. 2011,1,Bombus impatiens,99,99,25,9892,288,-93,381,222,-34,222,-34,917,101,37,27,299,144,299,144
2,Tonietto et al. 2011,1,Bombus impatiens,101,98,25,9866,288,-90,378,223,-32,223,-32,918,99,38,26,296,146,296,146
0,Tonietto et al. 2011,1,Bombus impatiens,100,98,25,9845,287,-91,378,222,-32,222,-32,913,99,38,26,295,145,295,145
1,Tonietto et al. 2011,1,Bombus impatiens,98,98,25,9808,285,-92,377,220,-33,220,-33,907,100,37,27,295,143,295,143
1,Tonietto et al. 2011,1,Bombus impatiens,89,101,26,9816,277,-105,382,210,-44,210,-44,891,101,34,29,295,135,295,135
2,Tonietto et al. 2011,1,Bombus impatiens,85,100,26,9732,270,-110,380,204,-47,204,-47,872,99,31,30,291,128,291,128
3,Tonietto et al. 2011,1,Bombus impatiens,97,115,28,10108,293,-109,402,200,-42,220,-42,929,102,36,29,301,137,293,137
1,Tonietto et al. 2011,1,Bombus impatiens,96,103,26,9873,287,-97,384,219,-36,219,-36,916,103,36,28,300,142,300,142
0,Tonietto et al. 2011,1,Bombus impatiens,93,99,26,9812,281,-98,379,215,-38,215,-38,902,101,36,27,295,141,295,141
5,Tonietto et al. 2011,1,Bombus impatiens,92,99,26,9773,279,-99,378,214,-39,214,-39,899,100,36,28,293,140,293,140
